True Emotion,Predicted Emotion,Time Taken (s),,,,,
4,0,0.012317657470703125,0,,,0.419226167,0.011696013
5,0,0.011924744,0,,,,
2,4,0.011665582656860352,0,,,,
6,2,0.011604070663452148,0,,,,
5,7,0.011600017547607422,0,,,,
4,0,0.011565446853637695,0,,,,
8,6,0.011514425277709961,0,,,,
2,6,0.011530637741088867,0,,,,
2,2,0.011559009552001953,1,,,,
2,2,0.011561393737792969,1,,,,
2,6,0.011632680892944336,0,,,,
7,7,0.011583089828491211,1,,,,
6,6,0.011525630950927734,1,,,,
4,4,0.011529684066772461,1,,,,
8,8,0.011526823043823242,1,,,,
6,8,0.011648893356323242,0,,,,
5,2,0.011511564254760742,0,,,,
8,4,0.011562108993530273,0,,,,
6,6,0.011592864990234375,1,,,,
6,4,0.011560916900634766,0,,,,
4,4,0.011551141738891602,1,,,,
8,7,0.013084650039672852,0,,,,
4,2,0.011691093444824219,0,,,,
5,2,0.011579036712646484,0,,,,
8,8,0.011585712432861328,1,,,,
5,8,0.011504411697387695,0,,,,
4,4,0.011530637741088867,1,,,,
8,6,0.011540174,0,,,,
8,2,0.011584043502807617,0,,,,
6,6,0.011591434478759766,1,,,,
4,4,0.011560678482055664,1,,,,
8,4,0.011575222,0,,,,
2,4,0.011588335037231445,0,,,,
6,6,0.011639833450317383,1,,,,
6,4,0.011602163314819336,0,,,,
2,4,0.011508464813232422,0,,,,
8,9,0.011598587036132812,0,,,,
4,8,0.011560916900634766,0,,,,
0,0,0.011567354202270508,1,,,,
8,8,0.011585235595703125,1,,,,
4,4,0.011657715,1,,,,
4,0,0.011640071868896484,0,,,,
6,2,0.011686563491821289,0,,,,
4,4,0.011581182479858398,1,,,,
2,2,0.011591911315917969,1,,,,
4,4,0.011627435684204102,1,,,,
6,6,0.011610508,1,,,,
4,4,0.011548042297363281,1,,,,
4,4,0.011642932891845703,1,,,,
0,4,0.01160574,0,,,,
2,6,0.011657953262329102,0,,,,
6,6,0.011644363403320312,1,,,,
0,4,0.011626958847045898,0,,,,
8,4,0.01160121,0,,,,
4,4,0.011604309,1,,,,
0,4,0.011540174,0,,,,
8,4,0.01158452,0,,,,
2,2,0.011579275131225586,1,,,,
5,4,0.011601924896240234,0,,,,
2,4,0.011519432067871094,0,,,,
6,4,0.011605501174926758,0,,,,
6,8,0.011582374572753906,0,,,,
6,6,0.011557817459106445,1,,,,
2,4,0.011582374572753906,0,,,,
6,4,0.011567593,0,,,,
4,8,0.011512994766235352,0,,,,
8,4,0.011549949645996094,0,,,,
8,4,0.011543035507202148,0,,,,
4,4,0.011542081832885742,1,,,,
0,2,0.011795997619628906,0,,,,
2,8,0.011640548706054688,0,,,,
6,6,0.011656999588012695,1,,,,
6,4,0.011657238006591797,0,,,,
7,7,0.011684179306030273,1,,,,
5,4,0.011851549,0,,,,
4,4,0.011733770370483398,1,,,,
2,4,0.011760950088500977,0,,,,
2,4,0.011647462844848633,0,,,,
4,4,0.011724949,1,,,,
6,6,0.011693477630615234,1,,,,
4,4,0.011728525161743164,1,,,,
2,4,0.011677504,0,,,,
6,6,0.011739969253540039,1,,,,
6,6,0.011626720428466797,1,,,,
6,0,0.011644124984741211,0,,,,
5,5,0.011666536331176758,1,,,,
6,4,0.011803388595581055,0,,,,
8,8,0.011736154556274414,1,,,,
7,7,0.011639595031738281,1,,,,
4,8,0.011662960052490234,0,,,,
5,4,0.011641502380371094,0,,,,
6,6,0.011685371398925781,1,,,,
8,4,0.011673450469970703,0,,,,
4,4,0.011636257,1,,,,
5,5,0.011678457260131836,1,,,,
4,4,0.011634349822998047,1,,,,
2,2,0.011663198471069336,1,,,,
4,4,0.011667728424072266,1,,,,
4,4,0.011681556701660156,1,,,,
4,2,0.011692047119140625,0,,,,
4,4,0.011687040328979492,1,,,,
6,2,0.011687994003295898,0,,,,
4,0,0.011760234832763672,0,,,,
6,6,0.011666775,1,,,,
2,2,0.011672258377075195,1,,,,
6,6,0.011651516,1,,,,
7,8,0.011641026,0,,,,
6,4,0.011695862,0,,,,
3,8,0.011669397354125977,0,,,,
4,4,0.011784076690673828,1,,,,
7,7,0.011724233627319336,1,,,,
6,6,0.011662483215332031,1,,,,
0,4,0.011655092239379883,0,,,,
6,6,0.011663914,1,,,,
0,5,0.011750698,0,,,,
5,2,0.011745214462280273,0,,,,
2,2,0.01171875,1,,,,
8,8,0.011727571487426758,1,,,,
7,5,0.011735439,0,,,,
4,8,0.011711835861206055,0,,,,
6,8,0.011704922,0,,,,
2,2,0.011683702,1,,,,
8,8,0.011753798,1,,,,
2,2,0.011726140975952148,1,,,,
0,0,0.011684656143188477,1,,,,
0,4,0.011647939682006836,0,,,,
6,4,0.011651039123535156,0,,,,
6,6,0.011665821075439453,1,,,,
4,6,0.011681556701660156,0,,,,
2,2,0.011649847030639648,1,,,,
4,4,0.011682748794555664,1,,,,
8,4,0.011612415313720703,0,,,,
6,7,0.011640071868896484,0,,,,
6,6,0.011619568,1,,,,
8,6,0.011636495590209961,0,,,,
6,8,0.011686563491821289,0,,,,
6,7,0.011741638,0,,,,
0,4,0.011689663,0,,,,
8,8,0.011602163314819336,1,,,,
8,8,0.011632680892944336,1,,,,
8,6,0.011707544326782227,0,,,,
4,4,0.011674404,1,,,,
4,4,0.011727571487426758,1,,,,
6,6,0.011700868606567383,1,,,,
6,2,0.011689424514770508,0,,,,
8,2,0.011693239212036133,0,,,,
6,6,0.011648178100585938,1,,,,
8,4,0.011792421340942383,0,,,,
4,4,0.011767626,1,,,,
8,8,0.011772156,1,,,,
4,6,0.011695384979248047,0,,,,
6,6,0.011712551,1,,,,
8,6,0.011716127395629883,0,,,,
8,8,0.011686802,1,,,,
2,2,0.011701345443725586,1,,,,
2,4,0.011686086654663086,0,,,,
7,7,0.011707305908203125,1,,,,
2,2,0.011694908142089844,1,,,,
6,6,0.011686802,1,,,,
0,0,0.011653423309326172,1,,,,
0,2,0.011706829071044922,0,,,,
7,6,0.011632680892944336,0,,,,
6,6,0.011633634567260742,1,,,,
6,6,0.011723995208740234,1,,,,
8,0,0.011773586,0,,,,
8,8,0.011694908142089844,1,,,,
6,6,0.011697769165039062,1,,,,
5,2,0.011667966842651367,0,,,,
8,8,0.011675596237182617,1,,,,
4,2,0.011709451675415039,0,,,,
5,6,0.011759757995605469,0,,,,
4,4,0.011660575866699219,1,,,,
2,2,0.011734485626220703,1,,,,
7,7,0.011684894561767578,1,,,,
5,6,0.011703968048095703,0,,,,
8,0,0.011697053909301758,0,,,,
7,7,0.011763572692871094,1,,,,
4,4,0.011663914,1,,,,
4,4,0.011618852615356445,1,,,,
0,8,0.011673688888549805,0,,,,
2,4,0.011667490005493164,0,,,,
4,4,0.011685609817504883,1,,,,
4,4,0.011716365814208984,1,,,,
6,4,0.011708021,0,,,,
7,7,0.011717796325683594,1,,,,
8,4,0.011673688888549805,0,,,,
4,4,0.011729001998901367,1,,,,
6,2,0.011689186096191406,0,,,,
6,6,0.011766672134399414,1,,,,
8,8,0.011761903762817383,1,,,,
4,2,0.011713504791259766,0,,,,
6,6,0.011789560317993164,1,,,,
7,7,0.011738061904907227,1,,,,
8,5,0.011693000793457031,0,,,,
0,4,0.011656045913696289,0,,,,
6,6,0.011670827865600586,1,,,,
0,5,0.011703252792358398,0,,,,
0,6,0.011634827,0,,,,
2,2,0.011650800704956055,1,,,,
0,4,0.011663198471069336,0,,,,
4,4,0.011685371398925781,1,,,,
2,2,0.011663198471069336,1,,,,
5,6,0.011674165725708008,0,,,,
4,6,0.011687517166137695,0,,,,
2,4,0.011659383773803711,0,,,,
7,7,0.011643409729003906,1,,,,
6,6,0.011688709259033203,1,,,,
6,4,0.011671781539916992,0,,,,
7,7,0.011628866195678711,1,,,,
5,0,0.011689663,0,,,,
4,4,0.011658668518066406,1,,,,
6,4,0.011661767959594727,0,,,,
6,4,0.011682271957397461,0,,,,
0,4,0.011661052703857422,0,,,,
8,4,0.011626958847045898,0,,,,
4,4,0.011635541915893555,1,,,,
6,8,0.011732816696166992,0,,,,
0,8,0.011654615,0,,,,
4,4,0.011687994003295898,1,,,,
5,2,0.011613607406616211,0,,,,
8,4,0.011633396,0,,,,
8,8,0.011807203,1,,,,
2,2,0.011799574,1,,,,
7,6,0.011712074279785156,0,,,,
6,6,0.011807441711425781,1,,,,
5,6,0.011830329895019531,0,,,,
6,6,0.011730432510375977,1,,,,
6,4,0.011700392,0,,,,
8,8,0.011701822280883789,1,,,,
8,6,0.011697053909301758,0,,,,
0,4,0.011662960052490234,0,,,,
4,0,0.011724710464477539,0,,,,
7,6,0.011729717254638672,0,,,,
6,6,0.011669397354125977,1,,,,
6,6,0.011724710464477539,1,,,,
8,0,0.011695623397827148,0,,,,
4,4,0.011722564697265625,1,,,,
6,4,0.011698007583618164,0,,,,
2,4,0.011693239212036133,0,,,,
4,2,0.011709213256835938,0,,,,
6,2,0.011721849,0,,,,
8,8,0.011673688888549805,1,,,,
6,2,0.011718988418579102,0,,,,
2,4,0.011769056,0,,,,
8,8,0.011746883392333984,1,,,,
0,4,0.011722326278686523,0,,,,
0,4,0.011727094650268555,0,,,,
7,6,0.011698961,0,,,,
0,8,0.011755466,0,,,,
5,2,0.011731863021850586,0,,,,
8,4,0.011709928512573242,0,,,,
6,6,0.011703491,1,,,,
8,8,0.011780023574829102,1,,,,
6,6,0.011697292,1,,,,
8,8,0.011706829071044922,1,,,,
4,4,0.011695384979248047,1,,,,
2,2,0.011713504791259766,1,,,,
4,8,0.011620521545410156,0,,,,
0,6,0.011675119400024414,0,,,,
6,6,0.011688709259033203,1,,,,
9,9,0.011673688888549805,1,,,,
6,8,0.011694908142089844,0,,,,
4,4,0.011697292,1,,,,
6,8,0.011721849,0,,,,
5,2,0.011665105819702148,0,,,,
4,2,0.011661052703857422,0,,,,
8,8,0.011662006378173828,1,,,,
2,2,0.011643887,1,,,,
6,8,0.011708498001098633,0,,,,
6,8,0.011687994003295898,0,,,,
6,4,0.011668682098388672,0,,,,
8,8,0.011668682098388672,1,,,,
9,6,0.011708021,0,,,,
6,6,0.011677026748657227,1,,,,
5,4,0.011662721633911133,0,,,,
7,7,0.011626482009887695,1,,,,
2,2,0.011661767959594727,1,,,,
6,4,0.011689663,0,,,,
8,4,0.011656761169433594,0,,,,
5,4,0.011651754379272461,0,,,,
3,6,0.011633396,0,,,,
5,4,0.011679173,0,,,,
7,7,0.011666775,1,,,,
6,6,0.011689186096191406,1,,,,
4,2,0.011670589447021484,0,,,,
8,8,0.011650562286376953,1,,,,
5,0,0.011673688888549805,0,,,,
2,2,0.011635065078735352,1,,,,
5,6,0.011689901351928711,0,,,,
8,8,0.011726140975952148,1,,,,
6,4,0.011705160140991211,0,,,,
6,0,0.011682271957397461,0,,,,
6,6,0.011665344,1,,,,
2,2,0.011794090270996094,1,,,,
4,2,0.01172328,0,,,,
2,2,0.011721134185791016,1,,,,
2,4,0.011784076690673828,0,,,,
4,4,0.011723756790161133,1,,,,
4,4,0.011763096,1,,,,
4,4,0.011727571487426758,1,,,,
6,6,0.011726379,1,,,,
8,5,0.011695623397827148,0,,,,
4,2,0.011686802,0,,,,
6,8,0.011682271957397461,0,,,,
4,4,0.011667966842651367,1,,,,
0,4,0.011716365814208984,0,,,,
0,6,0.011733770370483398,0,,,,
6,4,0.01171422,0,,,,
6,4,0.011680841445922852,0,,,,
2,2,0.011675834655761719,1,,,,
4,2,0.011725664138793945,0,,,,
7,7,0.011653661727905273,1,,,,
7,7,0.011714458465576172,1,,,,
6,4,0.011687040328979492,0,,,,
0,2,0.011715651,0,,,,
6,6,0.011659145,1,,,,
0,4,0.011669158935546875,0,,,,
8,2,0.011680603,0,,,,
2,2,0.011706352233886719,1,,,,
6,4,0.011692762,0,,,,
6,6,0.011715173721313477,1,,,,
6,4,0.011687517166137695,0,,,,
2,2,0.013624906539916992,1,,,,
6,2,0.011771917343139648,0,,,,
8,6,0.011685133,0,,,,
6,2,0.011640787124633789,0,,,,
4,4,0.011702537536621094,1,,,,
4,4,0.011706352233886719,1,,,,
4,0,0.011663198471069336,0,,,,
6,6,0.011636018753051758,1,,,,
5,6,0.011699676513671875,0,,,,
4,4,0.011685848236083984,1,,,,
5,5,0.011641026,1,,,,
0,4,0.011660337448120117,0,,,,
8,4,0.011709451675415039,0,,,,
2,2,0.011667013168334961,1,,,,
4,6,0.011672258377075195,0,,,,
2,4,0.011690378189086914,0,,,,
8,8,0.011680364608764648,1,,,,
7,7,0.011677980422973633,1,,,,
0,4,0.011683225631713867,0,,,,
8,4,0.011651516,0,,,,
8,8,0.011741638,1,,,,
4,4,0.011662960052490234,1,,,,
6,7,0.011694192886352539,0,,,,
4,4,0.011651039123535156,1,,,,
8,2,0.011674880981445312,0,,,,
4,6,0.011672974,0,,,,
0,8,0.011673688888549805,0,,,,
4,8,0.011620283126831055,0,,,,
7,7,0.011693477630615234,1,,,,
4,2,0.011610984802246094,0,,,,
8,8,0.011672019958496094,1,,,,
4,2,0.011673927307128906,0,,,,
4,4,0.01170969,1,,,,
0,4,0.011664628982543945,0,,,,
3,9,0.011655330657958984,0,,,,
6,5,0.011669635772705078,0,,,,
6,8,0.011620044708251953,0,,,,
7,7,0.011676311492919922,1,,,,
6,8,0.011679410934448242,0,,,,
2,4,0.011656761169433594,0,,,,
4,4,0.011714935302734375,1,,,,
7,7,0.011733531951904297,1,,,,
4,2,0.011675357818603516,0,,,,
6,4,0.011656999588012695,0,,,,
5,6,0.011648178100585938,0,,,,
6,6,0.011858701705932617,1,,,,
0,0,0.011786460876464844,1,,,,
2,6,0.011743069,0,,,,
7,8,0.011753559112548828,0,,,,
0,4,0.011713981628417969,0,,,,
9,9,0.011798858642578125,1,,,,
6,6,0.011687994003295898,1,,,,
8,8,0.011675357818603516,1,,,,
1,4,0.011698722839355469,0,,,,
0,4,0.011649370193481445,0,,,,
9,6,0.011662721633911133,0,,,,
5,6,0.011720418930053711,0,,,,
8,4,0.011745452880859375,0,,,,
4,4,0.011743783950805664,1,,,,
7,7,0.011705636978149414,1,,,,
2,2,0.011761665344238281,1,,,,
6,8,0.011725187301635742,0,,,,
8,8,0.011730194091796875,1,,,,
0,9,0.011729717254638672,0,,,,
2,0,0.011693954467773438,0,,,,
5,2,0.011713027954101562,0,,,,
6,6,0.011648416519165039,1,,,,
6,6,0.011655092239379883,1,,,,
7,7,0.011721372604370117,1,,,,
7,7,0.011630773544311523,1,,,,
6,2,0.011652231216430664,0,,,,
6,6,0.011640548706054688,1,,,,
8,4,0.011604309,0,,,,
6,6,0.011659622192382812,1,,,,
7,7,0.011673212051391602,1,,,,
6,6,0.011661291122436523,1,,,,
2,2,0.011733293533325195,1,,,,
9,7,0.011679887771606445,0,,,,
0,4,0.011703014373779297,0,,,,
0,4,0.011635541915893555,0,,,,
4,4,0.011608362197875977,1,,,,
8,6,0.011645555,0,,,,
5,5,0.011662006378173828,1,,,,
6,5,0.011661052703857422,0,,,,
4,4,0.011663914,1,,,,
2,2,0.011677504,1,,,,
6,2,0.011708021,0,,,,
6,6,0.01172328,1,,,,
4,4,0.011655092239379883,1,,,,
6,6,0.011688947677612305,1,,,,
2,6,0.011617898941040039,0,,,,
0,6,0.011650085,0,,,,
5,2,0.011672496795654297,0,,,,
6,6,0.011647701263427734,1,,,,
2,4,0.011764526,0,,,,
2,6,0.011790514,0,,,,
0,4,0.011752128601074219,0,,,,
7,7,0.011661291122436523,1,,,,
4,4,0.011672735214233398,1,,,,
8,4,0.011646270751953125,0,,,,
2,4,0.011680603,0,,,,
4,2,0.011679649353027344,0,,,,
2,4,0.011661052703857422,0,,,,
0,4,0.011661052703857422,0,,,,
8,4,0.011695384979248047,0,,,,
2,4,0.011667251586914062,0,,,,
8,8,0.011676788330078125,1,,,,
2,6,0.011662245,0,,,,
6,6,0.011759519577026367,1,,,,
2,4,0.011693716049194336,0,,,,
2,8,0.011674880981445312,0,,,,
6,4,0.011682987213134766,0,,,,
0,2,0.011692762,0,,,,
5,6,0.011754035949707031,0,,,,
8,8,0.011740922927856445,1,,,,
4,2,0.011696577072143555,0,,,,
2,2,0.011698246002197266,1,,,,
5,8,0.011648178100585938,0,,,,
4,4,0.011841535568237305,1,,,,
8,8,0.011811017990112305,1,,,,
4,2,0.011822700500488281,0,,,,
2,8,0.011748552322387695,0,,,,
7,7,0.011754274368286133,1,,,,
8,4,0.011785507202148438,0,,,,
6,4,0.011749029159545898,0,,,,
2,2,0.011683464050292969,1,,,,
5,9,0.011665821075439453,0,,,,
6,2,0.011655092239379883,0,,,,
8,8,0.011663675308227539,1,,,,
0,4,0.011714458465576172,0,,,,
6,8,0.011685609817504883,0,,,,
4,2,0.011716365814208984,0,,,,
4,2,0.011706829071044922,0,,,,
2,4,0.011693954467773438,0,,,,
8,8,0.011654853820800781,1,,,,
2,2,0.011770963668823242,1,,,,
8,8,0.011708498001098633,1,,,,
6,4,0.011708736419677734,0,,,,
5,2,0.011701822280883789,0,,,,
6,6,0.011661529541015625,1,,,,
4,4,0.011705160140991211,1,,,,
8,8,0.011718988418579102,1,,,,
4,6,0.011688470840454102,0,,,,
4,4,0.011699914932250977,1,,,,
4,4,0.011685133,1,,,,
5,4,0.011682034,0,,,,
8,4,0.011736631393432617,0,,,,
4,4,0.011745214462280273,1,,,,
2,4,0.011711835861206055,0,,,,
6,4,0.011677026748657227,0,,,,
2,2,0.011661291122436523,1,,,,
2,2,0.011689901351928711,1,,,,
8,4,0.011732578,0,,,,
6,6,0.011662006378173828,1,,,,
5,5,0.011695384979248047,1,,,,
4,4,0.011658430099487305,1,,,,
5,6,0.011705636978149414,0,,,,
8,4,0.011686086654663086,0,,,,
0,4,0.011715888977050781,0,,,,
6,8,0.011744499206542969,0,,,,
6,0,0.011701583862304688,0,,,,
8,6,0.011665821075439453,0,,,,
8,8,0.01170969,1,,,,
5,5,0.011705160140991211,1,,,,
6,2,0.011699438095092773,0,,,,
6,4,0.011669158935546875,0,,,,
2,2,0.011666297912597656,1,,,,
5,6,0.011697053909301758,0,,,,
0,8,0.01171875,0,,,,
6,6,0.011702061,1,,,,
6,4,0.011699914932250977,0,,,,
6,4,0.011627674102783203,0,,,,
7,7,0.011721849,1,,,,
0,4,0.011688470840454102,0,,,,
6,6,0.011683225631713867,1,,,,
2,2,0.011670112609863281,1,,,,
4,6,0.011693954467773438,0,,,,
6,6,0.011647224426269531,1,,,,
5,4,0.011720895767211914,0,,,,
6,4,0.011642217636108398,0,,,,
8,8,0.011679649353027344,1,,,,
9,9,0.011696338653564453,1,,,,
5,5,0.011681079864501953,1,,,,
7,7,0.011665582656860352,1,,,,
4,4,0.011670827865600586,1,,,,
2,6,0.011680364608764648,0,,,,
2,2,0.011708021,1,,,,
2,4,0.011713981628417969,0,,,,
0,4,0.011674165725708008,0,,,,
4,0,0.011707544326782227,0,,,,
6,6,0.011733770370483398,1,,,,
9,0,0.011821269989013672,0,,,,
4,2,0.011769294738769531,0,,,,
0,4,0.011784076690673828,0,,,,
8,2,0.011760950088500977,0,,,,
6,4,0.011730909,0,,,,
6,6,0.011726617813110352,1,,,,
6,4,0.011760950088500977,0,,,,
6,0,0.011717319,0,,,,
8,8,0.011652469635009766,1,,,,
6,8,0.011706113815307617,0,,,,
8,4,0.011716604232788086,0,,,,
8,7,0.011728525161743164,0,,,,
8,2,0.011676788330078125,0,,,,
5,3,0.011667490005493164,0,,,,
9,0,0.011670351028442383,0,,,,
4,4,0.011670827865600586,1,,,,
8,8,0.011716604232788086,1,,,,
6,2,0.011675357818603516,0,,,,
6,4,0.011666775,0,,,,
7,6,0.011709928512573242,0,,,,
2,2,0.011700153350830078,1,,,,
0,0,0.011697769165039062,1,,,,
6,4,0.011681795120239258,0,,,,
4,4,0.011691808700561523,1,,,,
2,2,0.011646270751953125,1,,,,
4,4,0.011652946472167969,1,,,,
5,6,0.011642456,0,,,,
4,4,0.011722326278686523,1,,,,
6,6,0.011682510375976562,1,,,,
1,6,0.011722087860107422,0,,,,
8,4,0.011697292,0,,,,
6,2,0.011741399765014648,0,,,,
4,4,0.011683702,1,,,,
8,4,0.011718034744262695,0,,,,
6,8,0.011651277542114258,0,,,,
4,4,0.011656999588012695,1,,,,
7,7,0.011641026,1,,,,
4,2,0.011666059494018555,0,,,,
4,4,0.011765480041503906,1,,,,
2,4,0.011745691299438477,0,,,,
8,8,0.011730194091796875,1,,,,
4,2,0.011737823486328125,0,,,,
8,8,0.011691332,1,,,,
8,6,0.011656999588012695,0,,,,
4,4,0.011646747589111328,1,,,,
4,6,0.011674642562866211,0,,,,
5,8,0.011710882186889648,0,,,,
4,4,0.011664867401123047,1,,,,
6,6,0.011704444885253906,1,,,,
5,9,0.011646509170532227,0,,,,
2,4,0.011680841445922852,0,,,,
0,0,0.011682271957397461,1,,,,
6,8,0.011704444885253906,0,,,,
0,2,0.011680126190185547,0,,,,
6,7,0.011703729629516602,0,,,,
2,4,0.011708974838256836,0,,,,
7,6,0.011690855026245117,0,,,,
2,2,0.011702537536621094,1,,,,
4,4,0.011660814,1,,,,
7,7,0.011655569076538086,1,,,,
6,6,0.011687755584716797,1,,,,
0,4,0.011677265167236328,0,,,,
6,6,0.011635065078735352,1,,,,
2,2,0.011678934097290039,1,,,,
2,2,0.011698246002197266,1,,,,
7,7,0.011654853820800781,1,,,,
2,2,0.011636257,1,,,,
6,2,0.011631250381469727,0,,,,
9,9,0.011674165725708008,1,,,,
5,5,0.011714696884155273,1,,,,
8,4,0.011636734008789062,0,,,,
5,4,0.011656999588012695,0,,,,
2,4,0.011727333068847656,0,,,,
6,6,0.011647224426269531,1,,,,
2,2,0.011783361434936523,1,,,,
2,6,0.011752605438232422,0,,,,
2,0,0.011755943298339844,0,,,,
4,0,0.011698007583618164,0,,,,
6,6,0.011743545532226562,1,,,,
4,4,0.011726140975952148,1,,,,
6,4,0.011680364608764648,0,,,,
0,4,0.011660814,0,,,,
6,0,0.011661767959594727,0,,,,
8,0,0.011664867401123047,0,,,,
9,1,0.011668444,0,,,,
5,5,0.011692285537719727,1,,,,
4,4,0.011649608612060547,1,,,,
4,2,0.011699438095092773,0,,,,
2,6,0.011676311492919922,0,,,,
6,0,0.011654615,0,,,,
4,4,0.011648893356323242,1,,,,
2,2,0.011652708053588867,1,,,,
2,4,0.011640071868896484,0,,,,
6,6,0.011669874,1,,,,
4,2,0.011685609817504883,0,,,,
4,4,0.011742353439331055,1,,,,
4,4,0.011711121,1,,,,
6,4,0.011617422103881836,0,,,,
6,6,0.011674642562866211,1,,,,
8,4,0.011645555,0,,,,
2,4,0.011708259582519531,0,,,,
6,4,0.011709451675415039,0,,,,
9,6,0.011734485626220703,0,,,,
0,0,0.011650800704956055,1,,,,
4,4,0.011815547943115234,1,,,,
6,8,0.011757850646972656,0,,,,
4,4,0.011694908142089844,1,,,,
8,6,0.011702299118041992,0,,,,
5,2,0.011618614196777344,0,,,,
7,5,0.011687994003295898,0,,,,
2,2,0.012411117553710938,1,,,,
6,4,0.011775016784667969,0,,,,
8,8,0.011688470840454102,1,,,,
2,4,0.011660337448120117,0,,,,
8,8,0.011691332,1,,,,
8,4,0.011690378189086914,0,,,,
4,2,0.011654615,0,,,,
6,6,0.011625528335571289,1,,,,
0,0,0.011715173721313477,1,,,,
2,4,0.011702537536621094,0,,,,
6,6,0.011705160140991211,1,,,,
7,6,0.011667251586914062,0,,,,
0,4,0.011660337448120117,0,,,,
0,4,0.011715888977050781,0,,,,
6,4,0.011739969253540039,0,,,,
2,2,0.011712074279785156,1,,,,
2,2,0.011688470840454102,1,,,,
8,4,0.011736392974853516,0,,,,
6,2,0.011620759963989258,0,,,,
0,4,0.011700392,0,,,,
0,0,0.011682510375976562,1,,,,
6,7,0.011634349822998047,0,,,,
8,8,0.011660575866699219,1,,,,
6,7,0.011674642562866211,0,,,,
8,0,0.011732578,0,,,,
5,8,0.011677265167236328,0,,,,
2,2,0.011674165725708008,1,,,,
2,2,0.011673212051391602,1,,,,
4,8,0.011657953262329102,0,,,,
4,4,0.011626482009887695,1,,,,
8,4,0.011662006378173828,0,,,,
8,8,0.011706829071044922,1,,,,
2,2,0.011682271957397461,1,,,,
4,0,0.011654615,0,,,,
6,4,0.011653661727905273,0,,,,
2,2,0.011697292,1,,,,
6,5,0.011670112609863281,0,,,,
5,8,0.011775970458984375,0,,,,
5,6,0.011777400970458984,0,,,,
6,8,0.011784553527832031,0,,,,
4,4,0.011760234832763672,1,,,,
0,4,0.011679173,0,,,,
2,8,0.011722326278686523,0,,,,
2,8,0.011710405349731445,0,,,,
9,5,0.011663436889648438,0,,,,
7,6,0.011686086654663086,0,,,,
6,4,0.011652469635009766,0,,,,
1,7,0.011662483215332031,0,,,,
7,7,0.011738300323486328,1,,,,
7,7,0.011839151382446289,1,,,,
8,8,0.011740208,1,,,,
6,6,0.011717557907104492,1,,,,
2,5,0.011701107025146484,0,,,,
3,7,0.011710882186889648,0,,,,
2,2,0.011704444885253906,1,,,,
4,6,0.011763096,0,,,,
4,4,0.011705160140991211,1,,,,
7,6,0.011767148971557617,0,,,,
6,8,0.011709213256835938,0,,,,
6,2,0.011738777160644531,0,,,,
6,6,0.011662721633911133,1,,,,
2,2,0.011662006378173828,1,,,,
4,2,0.011699676513671875,0,,,,
0,2,0.011659860610961914,0,,,,
4,2,0.011666775,0,,,,
6,6,0.011653423309326172,1,,,,
0,6,0.011691570281982422,0,,,,
8,8,0.011697530746459961,1,,,,
2,2,0.011659622192382812,1,,,,
5,5,0.011619091033935547,1,,,,
6,6,0.011677980422973633,1,,,,
4,2,0.011640310287475586,0,,,,
4,2,0.011635541915893555,0,,,,
4,4,0.011587142944335938,1,,,,
4,4,0.011678457260131836,1,,,,
6,6,0.011727571487426758,1,,,,
4,6,0.011697053909301758,0,,,,
8,8,0.011743783950805664,1,,,,
2,4,0.011720895767211914,0,,,,
0,0,0.011715412139892578,1,,,,
4,6,0.011650800704956055,0,,,,
5,6,0.011652946472167969,0,,,,
6,9,0.011622905731201172,0,,,,
2,2,0.011665821075439453,1,,,,
6,4,0.011664867401123047,0,,,,
3,6,0.011606931686401367,0,,,,
6,6,0.011678934097290039,1,,,,
6,6,0.011598348617553711,1,,,,
4,0,0.011633872985839844,0,,,,
4,4,0.011612892150878906,1,,,,
4,4,0.011719942092895508,1,,,,
2,2,0.011649131774902344,1,,,,
5,6,0.011718273162841797,0,,,,
8,4,0.011637210845947266,0,,,,
4,4,0.011696338653564453,1,,,,
6,7,0.011693000793457031,0,,,,
4,6,0.011658430099487305,0,,,,
6,0,0.011662721633911133,0,,,,
5,4,0.011622428894042969,0,,,,
6,6,0.011626720428466797,1,,,,
5,2,0.011673450469970703,0,,,,
0,2,0.011655330657958984,0,,,,
2,4,0.011713981628417969,0,,,,
8,6,0.011668920516967773,0,,,,
6,6,0.011653900146484375,1,,,,
8,2,0.011674642562866211,0,,,,
4,4,0.011689901351928711,1,,,,
4,8,0.011709928512573242,0,,,,
6,6,0.011622190475463867,1,,,,
2,4,0.011643887,0,,,,
8,8,0.011651992797851562,1,,,,
4,4,0.011778831481933594,1,,,,
0,4,0.011795520782470703,0,,,,
4,0,0.011751890182495117,0,,,,
7,7,0.011744260787963867,1,,,,
6,6,0.011760234832763672,1,,,,
6,5,0.011673688888549805,0,,,,
6,6,0.011670112609863281,1,,,,
0,4,0.011692285537719727,0,,,,
4,4,0.011676549911499023,1,,,,
5,8,0.011696338653564453,0,,,,
6,8,0.011716127395629883,0,,,,
7,6,0.011745452880859375,0,,,,
4,4,0.011710643768310547,1,,,,
5,8,0.011693477630615234,0,,,,
7,7,0.011716127395629883,1,,,,
4,4,0.011708498001098633,1,,,,
6,6,0.011708021,1,,,,
4,4,0.011672735214233398,1,,,,
8,8,0.011693477630615234,1,,,,
2,2,0.011703729629516602,1,,,,
6,6,0.011688232,1,,,,
9,9,0.01172781,1,,,,
6,6,0.011685609817504883,1,,,,
4,4,0.011617422103881836,1,,,,
5,4,0.011670827865600586,0,,,,
3,4,0.011639833450317383,0,,,,
5,0,0.011676311492919922,0,,,,
2,0,0.011702299118041992,0,,,,
5,8,0.011672258377075195,0,,,,
8,4,0.011682034,0,,,,
6,0,0.011716604232788086,0,,,,
4,0,0.011724949,0,,,,
4,6,0.011681556701660156,0,,,,
8,4,0.011707782745361328,0,,,,
5,5,0.011703729629516602,1,,,,
4,4,0.011702775955200195,1,,,,
0,0,0.011605024337768555,1,,,,
6,6,0.011651516,1,,,,
7,7,0.011694669723510742,1,,,,
4,8,0.011644601821899414,0,,,,
8,6,0.011686802,0,,,,
8,8,0.011686563491821289,1,,,,
6,6,0.011640310287475586,1,,,,
5,8,0.011655569076538086,0,,,,
2,6,0.011715888977050781,0,,,,
8,7,0.011705636978149414,0,,,,
2,0,0.011672974,0,,,,
7,6,0.011719226837158203,0,,,,
4,5,0.011727094650268555,0,,,,
9,9,0.011669158935546875,1,,,,
8,8,0.011678934097290039,1,,,,
0,2,0.011645078659057617,0,,,,
2,4,0.011689186096191406,0,,,,
7,6,0.011626005172729492,0,,,,
6,2,0.011669397354125977,0,,,,
6,6,0.011713981628417969,1,,,,
8,2,0.011655330657958984,0,,,,
4,0,0.011651754379272461,0,,,,
6,6,0.011646509170532227,1,,,,
4,4,0.011620759963989258,1,,,,
5,4,0.011669397354125977,0,,,,
4,2,0.011643648147583008,0,,,,
6,6,0.011609077453613281,1,,,,
3,6,0.011645317077636719,0,,,,
2,4,0.011618614196777344,0,,,,
4,4,0.011648655,1,,,,
4,0,0.011672974,0,,,,
5,4,0.011685848236083984,0,,,,
6,2,0.011723041534423828,0,,,,
6,6,0.011670351028442383,1,,,,
8,8,0.011644840240478516,1,,,,
6,4,0.011673927307128906,0,,,,
5,6,0.011816978454589844,0,,,,
6,6,0.011758804321289062,1,,,,
8,0,0.011791229248046875,0,,,,
7,6,0.011716127395629883,0,,,,
7,7,0.011719226837158203,1,,,,
4,2,0.011803865432739258,0,,,,
4,4,0.011757850646972656,1,,,,
4,0,0.011776686,0,,,,
2,2,0.011763096,1,,,,
2,2,0.011693954467773438,1,,,,
4,4,0.011693954467773438,1,,,,
6,6,0.011677742004394531,1,,,,
4,4,0.011686563491821289,1,,,,
4,4,0.011717319,1,,,,
8,8,0.011697769165039062,1,,,,
4,4,0.011688709259033203,1,,,,
8,9,0.011700868606567383,0,,,,
8,8,0.011758565902709961,1,,,,
5,4,0.011655092239379883,0,,,,
6,6,0.011657476425170898,1,,,,
2,6,0.011697530746459961,0,,,,
0,0,0.011753082275390625,1,,,,
0,4,0.011715412139892578,0,,,,
6,4,0.011655092239379883,0,,,,
4,4,0.011666536331176758,1,,,,
2,4,0.011651516,0,,,,
8,8,0.011760234832763672,1,,,,
2,4,0.011657476425170898,0,,,,
4,4,0.011677980422973633,1,,,,
8,5,0.011664152145385742,0,,,,
8,8,0.011661767959594727,1,,,,
2,2,0.011646986,1,,,,
6,6,0.011617898941040039,1,,,,
8,8,0.011645078659057617,1,,,,
8,6,0.011610984802246094,0,,,,
0,4,0.011655569076538086,0,,,,
6,2,0.011611461639404297,0,,,,
6,4,0.011621713638305664,0,,,,
2,5,0.011682271957397461,0,,,,
7,7,0.01170969,1,,,,
0,0,0.011687755584716797,1,,,,
8,6,0.011752128601074219,0,,,,
5,4,0.011715173721313477,0,,,,
7,6,0.011663436889648438,0,,,,
4,5,0.011630058288574219,0,,,,
6,6,0.011612892150878906,1,,,,
4,4,0.011641026,1,,,,
5,6,0.011645078659057617,0,,,,
8,8,0.011658668518066406,1,,,,
6,4,0.011614084243774414,0,,,,
7,6,0.011634349822998047,0,,,,
8,2,0.011673212051391602,0,,,,
6,6,0.011705398559570312,1,,,,
4,2,0.011698961,0,,,,
7,7,0.011634111404418945,1,,,,
6,2,0.011651277542114258,0,,,,
6,7,0.011683940887451172,0,,,,
2,2,0.011707305908203125,1,,,,
4,2,0.011713027954101562,0,,,,
5,9,0.011710643768310547,0,,,,
2,2,0.011672496795654297,1,,,,
6,4,0.011648416519165039,0,,,,
0,8,0.011665582656860352,0,,,,
4,4,0.011690616607666016,1,,,,
9,8,0.011698007583618164,0,,,,
2,2,0.011690139770507812,1,,,,
6,6,0.011712789535522461,1,,,,
0,0,0.011679649353027344,1,,,,
2,6,0.011703252792358398,0,,,,
5,6,0.011681318283081055,0,,,,
4,4,0.011658906936645508,1,,,,
6,2,0.011725664138793945,0,,,,
9,4,0.011618852615356445,0,,,,
4,4,0.011628389358520508,1,,,,
4,2,0.011837959289550781,0,,,,
0,4,0.011827945709228516,0,,,,
8,5,0.011785268783569336,0,,,,
2,6,0.011763811111450195,0,,,,
2,2,0.011735677719116211,1,,,,
2,4,0.011768341064453125,0,,,,
8,4,0.011751651763916016,0,,,,
2,4,0.011705636978149414,0,,,,
2,4,0.01171422,0,,,,
8,8,0.011713981628417969,1,,,,
8,0,0.011742353439331055,0,,,,
4,2,0.011681079864501953,0,,,,
8,8,0.011711121,1,,,,
7,7,0.011708736419677734,1,,,,
8,4,0.011720895767211914,0,,,,
4,8,0.011703252792358398,0,,,,
4,4,0.011685609817504883,1,,,,
8,2,0.011673450469970703,0,,,,
6,6,0.011674880981445312,1,,,,
4,4,0.011765480041503906,1,,,,
8,4,0.011759519577026367,0,,,,
6,5,0.011718988418579102,0,,,,
2,0,0.011678457260131836,0,,,,
9,2,0.011637449264526367,0,,,,
6,6,0.011669635772705078,1,,,,
0,2,0.011659383773803711,0,,,,
0,4,0.011708259582519531,0,,,,
6,6,0.011613130569458008,1,,,,
4,6,0.011694908142089844,0,,,,
6,4,0.011669635772705078,0,,,,
4,4,0.011704922,1,,,,
4,4,0.011676788330078125,1,,,,
6,6,0.011675119400024414,1,,,,
4,2,0.011687994003295898,0,,,,
4,4,0.011679410934448242,1,,,,
7,7,0.011656761169433594,1,,,,
5,9,0.011649370193481445,0,,,,
5,5,0.011685609817504883,1,,,,
2,2,0.011709213256835938,1,,,,
2,2,0.01170969,1,,,,
4,4,0.011673927307128906,1,,,,
0,4,0.011652708053588867,0,,,,
7,6,0.011671543,0,,,,
4,2,0.011583805084228516,0,,,,
4,4,0.011609315872192383,1,,,,
5,5,0.011637449264526367,1,,,,
8,4,0.011672496795654297,0,,,,
6,6,0.011650323867797852,1,,,,
0,8,0.011676788330078125,0,,,,
4,8,0.011681079864501953,0,,,,
0,2,0.011618852615356445,0,,,,
8,8,0.011709213256835938,1,,,,
4,6,0.011654138565063477,0,,,,
4,6,0.011735916137695312,0,,,,
5,2,0.011679649353027344,0,,,,
4,2,0.011730432510375977,0,,,,
0,4,0.011671066284179688,0,,,,
0,2,0.011671066284179688,0,,,,
4,2,0.011711597442626953,0,,,,
2,2,0.011693239212036133,1,,,,
7,7,0.011721372604370117,1,,,,
6,2,0.011720895767211914,0,,,,
2,2,0.011662483215332031,1,,,,
5,5,0.011667251586914062,1,,,,
4,4,0.011714458465576172,1,,,,
6,6,0.011644124984741211,1,,,,
6,8,0.011639118194580078,0,,,,
6,4,0.011652946472167969,0,,,,
2,4,0.011699914932250977,0,,,,
4,4,0.011675834655761719,1,,,,
2,4,0.011646986,0,,,,
8,8,0.011674880981445312,1,,,,
4,4,0.011618852615356445,1,,,,
2,4,0.011802673,0,,,,
5,6,0.011765957,0,,,,
2,4,0.011744260787963867,0,,,,
8,4,0.011685848236083984,0,,,,
7,6,0.011719942092895508,0,,,,
2,2,0.011710643768310547,1,,,,
7,2,0.011699676513671875,0,,,,
2,0,0.011673927307128906,0,,,,
9,9,0.011666059494018555,1,,,,
6,6,0.011638164520263672,1,,,,
4,6,0.011638879776000977,0,,,,
8,8,0.011662483215332031,1,,,,
2,2,0.011735200881958008,1,,,,
9,0,0.011667490005493164,0,,,,
8,4,0.011668920516967773,0,,,,
6,6,0.011652469635009766,1,,,,
6,5,0.011687517166137695,0,,,,
4,4,0.011663914,1,,,,
2,2,0.011657953262329102,1,,,,
8,8,0.011684179306030273,1,,,,
6,7,0.011627197,0,,,,
0,0,0.011670827865600586,1,,,,
5,5,0.011609077453613281,1,,,,
2,2,0.011636734008789062,1,,,,
2,2,0.011671066284179688,1,,,,
5,8,0.011641026,0,,,,
9,2,0.011739969253540039,0,,,,
7,7,0.011671781539916992,1,,,,
5,5,0.011779546737670898,1,,,,
0,0,0.011647462844848633,1,,,,
2,4,0.011689424514770508,0,,,,
8,4,0.011631488800048828,0,,,,
6,6,0.011670589447021484,1,,,,
0,0,0.01172781,1,,,,
0,4,0.011720657348632812,0,,,,
4,4,0.011703252792358398,1,,,,
4,6,0.011715651,0,,,,
9,6,0.011645793914794922,0,,,,
6,4,0.011591196060180664,0,,,,
4,8,0.011678457260131836,0,,,,
8,8,0.011646509170532227,1,,,,
2,2,0.011718273162841797,1,,,,
5,6,0.011677742004394531,0,,,,
4,4,0.011682748794555664,1,,,,
2,2,0.011661052703857422,1,,,,
8,2,0.011619329452514648,0,,,,
6,2,0.011667966842651367,0,,,,
6,0,0.011672496795654297,0,,,,
2,2,0.011698246002197266,1,,,,
0,6,0.011699438095092773,0,,,,
0,4,0.011627674102783203,0,,,,
6,7,0.011723995208740234,0,,,,
2,2,0.011684417724609375,1,,,,
0,2,0.011771678924560547,0,,,,
6,5,0.011717796325683594,0,,,,
6,4,0.011758089065551758,0,,,,
5,5,0.011733770370483398,1,,,,
4,2,0.011717796325683594,0,,,,
0,6,0.011690139770507812,0,,,,
2,4,0.011669874,0,,,,
2,2,0.011699438095092773,1,,,,
2,6,0.011687517166137695,0,,,,
0,6,0.011705636978149414,0,,,,
6,2,0.011681556701660156,0,,,,
4,8,0.011695384979248047,0,,,,
6,4,0.011662721633911133,0,,,,
4,4,0.011691332,1,,,,
7,7,0.011672735214233398,1,,,,
4,2,0.011663675308227539,0,,,,
6,7,0.011697769165039062,0,,,,
2,6,0.011684894561767578,0,,,,
8,8,0.011650085,1,,,,
8,6,0.011674404,0,,,,
5,8,0.011794805526733398,0,,,,
6,0,0.011749505996704102,0,,,,
4,4,0.011728763580322266,1,,,,
5,2,0.011724472045898438,0,,,,
6,4,0.011739969253540039,0,,,,
2,2,0.011727571487426758,1,,,,
4,2,0.011693716049194336,0,,,,
4,2,0.011775016784667969,0,,,,
2,4,0.011747121810913086,0,,,,
6,8,0.011693000793457031,0,,,,
6,4,0.011653423309326172,0,,,,
6,5,0.011638641357421875,0,,,,
2,4,0.011680841445922852,0,,,,
5,5,0.011702061,1,,,,
7,8,0.011689186096191406,0,,,,
2,2,0.011669397354125977,1,,,,
6,7,0.011646986,0,,,,
8,8,0.011662245,1,,,,
5,4,0.011662245,0,,,,
0,8,0.011658430099487305,0,,,,
2,2,0.011703729629516602,1,,,,
2,4,0.011690855026245117,0,,,,
6,4,0.011589765548706055,0,,,,
3,8,0.011637687683105469,0,,,,
6,0,0.011631727,0,,,,
2,4,0.011601924896240234,0,,,,
2,4,0.011633157730102539,0,,,,
5,8,0.011635780334472656,0,,,,
4,4,0.011701583862304688,1,,,,
8,4,0.011644840240478516,0,,,,
0,4,0.011687755584716797,0,,,,
7,7,0.011706829071044922,1,,,,
7,7,0.011691808700561523,1,,,,
8,8,0.011758089065551758,1,,,,
6,6,0.011741876602172852,1,,,,
2,6,0.011682271957397461,0,,,,
8,4,0.011692047119140625,0,,,,
6,4,0.01172781,0,,,,
4,4,0.011734009,1,,,,
8,4,0.011673688888549805,0,,,,
6,6,0.011740446090698242,1,,,,
8,4,0.011787176132202148,0,,,,
7,7,0.011698246002197266,1,,,,
2,2,0.011690139770507812,1,,,,
4,2,0.011699199676513672,0,,,,
8,6,0.011682034,0,,,,
4,4,0.011721611022949219,1,,,,
4,4,0.011800050735473633,1,,,,
5,5,0.011728286743164062,1,,,,
0,8,0.011670112609863281,0,,,,
8,8,0.011674404,1,,,,
8,6,0.011682748794555664,0,,,,
2,2,0.011711359024047852,1,,,,
0,2,0.011667966842651367,0,,,,
6,2,0.011677026748657227,0,,,,
2,4,0.011858463287353516,0,,,,
6,2,0.011688947677612305,0,,,,
6,6,0.011706113815307617,1,,,,
6,2,0.011719465255737305,0,,,,
8,6,0.011634111404418945,0,,,,
4,2,0.011689901351928711,0,,,,
8,4,0.011625289916992188,0,,,,
5,2,0.011578798294067383,0,,,,
4,8,0.011607646942138672,0,,,,
5,8,0.011611223220825195,0,,,,
5,5,0.011664628982543945,1,,,,
2,4,0.011626720428466797,0,,,,
4,6,0.011614322662353516,0,,,,
6,0,0.011625767,0,,,,
4,2,0.011660814,0,,,,
4,4,0.011707305908203125,1,,,,
4,2,0.011612415313720703,0,,,,
5,6,0.011612415313720703,0,,,,
5,2,0.011662483215332031,0,,,,
9,6,0.011860609,0,,,,
4,4,0.011742115020751953,1,,,,
2,2,0.011754989624023438,1,,,,
8,8,0.011689186096191406,1,,,,
6,6,0.011779785,1,,,,
6,2,0.011770486831665039,0,,,,
6,2,0.011679410934448242,0,,,,
8,7,0.011696100234985352,0,,,,
6,6,0.011686086654663086,1,,,,
4,2,0.011672019958496094,0,,,,
6,2,0.011669874,0,,,,
4,2,0.011696100234985352,0,,,,
4,4,0.011817455291748047,1,,,,
6,2,0.011715173721313477,0,,,,
2,2,0.011620998,1,,,,
2,6,0.01172328,0,,,,
4,2,0.011711835861206055,0,,,,
9,6,0.011735916137695312,0,,,,
2,2,0.011720418930053711,1,,,,
8,4,0.011696577072143555,0,,,,
6,2,0.011712074279785156,0,,,,
2,5,0.011694431,0,,,,
7,7,0.011683702,1,,,,
6,6,0.011688470840454102,1,,,,
6,8,0.011624813079833984,0,,,,
8,0,0.011625289916992188,0,,,,
4,4,0.011676788330078125,1,,,,
4,0,0.011659145,0,,,,
2,6,0.011665821075439453,0,,,,
8,8,0.011670112609863281,1,,,,
5,5,0.011696338653564453,1,,,,
2,4,0.011705636978149414,0,,,,
7,7,0.011803627014160156,1,,,,
0,4,0.011716604232788086,0,,,,
5,6,0.011678218841552734,0,,,,
4,2,0.011746406555175781,0,,,,
7,5,0.011726379,0,,,,
6,4,0.011667728424072266,0,,,,
8,8,0.011663675308227539,1,,,,
4,4,0.011725664138793945,1,,,,
6,6,0.011775255,1,,,,
6,4,0.011684179306030273,0,,,,
7,6,0.011676311492919922,0,,,,
0,4,0.011654376983642578,0,,,,
2,2,0.011730194091796875,1,,,,
6,4,0.011725902557373047,0,,,,
2,8,0.011648178100585938,0,,,,
4,4,0.011696577072143555,1,,,,
5,7,0.011653900146484375,0,,,,
0,4,0.011672019958496094,0,,,,
8,8,0.011650323867797852,1,,,,
7,6,0.011676549911499023,0,,,,
6,8,0.011750221252441406,0,,,,
2,6,0.011761903762817383,0,,,,
2,4,0.011730432510375977,0,,,,
4,4,0.011650800704956055,1,,,,
6,2,0.011635541915893555,0,,,,
4,4,0.011681795120239258,1,,,,
8,4,0.011672735214233398,0,,,,
5,5,0.011658668518066406,1,,,,
6,8,0.011647701263427734,0,,,,
9,6,0.011650323867797852,0,,,,
4,4,0.011677265167236328,1,,,,
4,4,0.011678218841552734,1,,,,
6,2,0.011603355407714844,0,,,,
6,5,0.011673688888549805,0,,,,
5,4,0.011650085,0,,,,
4,2,0.011683464050292969,0,,,,
6,2,0.011715173721313477,0,,,,
5,7,0.011674404,0,,,,
4,4,0.011661052703857422,1,,,,
4,4,0.011658191680908203,1,,,,
8,2,0.011642932891845703,0,,,,
5,4,0.011826515197753906,0,,,,
5,5,0.011794328689575195,1,,,,
2,4,0.011788368225097656,0,,,,
6,6,0.011781454086303711,1,,,,
6,6,0.011767864227294922,1,,,,
8,4,0.011802196502685547,0,,,,
4,4,0.011718273162841797,1,,,,
6,4,0.011727571487426758,0,,,,
6,7,0.011686563491821289,0,,,,
6,6,0.011722326278686523,1,,,,
6,2,0.011681079864501953,0,,,,
2,4,0.011770963668823242,0,,,,
7,7,0.011745929718017578,1,,,,
6,6,0.011718034744262695,1,,,,
9,5,0.011733770370483398,0,,,,
6,2,0.011706829071044922,0,,,,
5,8,0.011772871017456055,0,,,,
6,4,0.011682987213134766,0,,,,
2,2,0.011751174926757812,1,,,,
6,6,0.011696815490722656,1,,,,
2,4,0.011678218841552734,0,,,,
4,2,0.011681795120239258,0,,,,
5,8,0.011711121,0,,,,
0,4,0.011670112609863281,0,,,,
4,4,0.011676073,1,,,,
0,4,0.011688947677612305,0,,,,
4,4,0.011735439,1,,,,
0,2,0.011696815490722656,0,,,,
8,8,0.011696338653564453,1,,,,
4,4,0.011689186096191406,1,,,,
4,2,0.011662245,0,,,,
7,7,0.011709928512573242,1,,,,
2,6,0.011649608612060547,0,,,,
9,6,0.011687994003295898,0,,,,
6,4,0.011742353439331055,0,,,,
2,2,0.011708974838256836,1,,,,
4,4,0.011674642562866211,1,,,,
6,4,0.011715173721313477,0,,,,
6,4,0.011730909,0,,,,
7,4,0.011789083480834961,0,,,,
5,4,0.011796474,0,,,,
7,7,0.011722326278686523,1,,,,
6,6,0.011781930923461914,1,,,,
8,4,0.011745214462280273,0,,,,
5,8,0.011691093444824219,0,,,,
4,2,0.011701107025146484,0,,,,
0,4,0.011643171310424805,0,,,,
6,4,0.012908936,0,,,,
4,4,0.012712955474853516,1,,,,
4,4,0.011650085,1,,,,
4,4,0.011673212051391602,1,,,,
8,4,0.011667490005493164,0,,,,
7,6,0.011654376983642578,0,,,,
8,4,0.011643171310424805,0,,,,
0,6,0.011652946472167969,0,,,,
4,2,0.011731386184692383,0,,,,
4,0,0.011704683303833008,0,,,,
8,4,0.011651039123535156,0,,,,
7,6,0.011666059494018555,0,,,,
7,7,0.011633396,1,,,,
6,4,0.011679649353027344,0,,,,
0,4,0.011697769165039062,0,,,,
0,4,0.011667251586914062,0,,,,
0,0,0.011729717254638672,1,,,,
4,6,0.011710166931152344,0,,,,
2,2,0.011699676513671875,1,,,,
6,6,0.011681079864501953,1,,,,
2,2,0.011701107025146484,1,,,,
6,6,0.011688470840454102,1,,,,
5,5,0.011666059494018555,1,,,,
2,4,0.011697769165039062,0,,,,
4,4,0.011692523956298828,1,,,,
0,4,0.011643409729003906,0,,,,
2,2,0.011600017547607422,1,,,,
7,6,0.011924266815185547,0,,,,
7,7,0.011801243,1,,,,
2,4,0.011755704879760742,0,,,,
4,4,0.011808395385742188,1,,,,
6,2,0.011761188507080078,0,,,,
8,4,0.011721134185791016,0,,,,
0,2,0.011725902557373047,0,,,,
4,2,0.011716842651367188,0,,,,
2,4,0.011693239212036133,0,,,,
5,6,0.011678934097290039,0,,,,
6,8,0.011713027954101562,0,,,,
4,4,0.011756658554077148,1,,,,
8,5,0.011696338653564453,0,,,,
4,4,0.011686802,1,,,,
5,7,0.011668444,0,,,,
5,5,0.011693239212036133,1,,,,
4,0,0.011704206466674805,0,,,,
6,8,0.011696577072143555,0,,,,
4,4,0.011744022369384766,1,,,,
5,5,0.011672974,1,,,,
6,2,0.011625051498413086,0,,,,
6,6,0.011658906936645508,1,,,,
8,4,0.011661052703857422,0,,,,
0,8,0.011674165725708008,0,,,,
4,4,0.011651754379272461,1,,,,
6,6,0.011682748794555664,1,,,,
4,0,0.011661052703857422,0,,,,
5,7,0.011705636978149414,0,,,,
2,2,0.011665105819702148,1,,,,
6,4,0.011665344,0,,,,
2,2,0.011673927307128906,1,,,,
0,0,0.011687040328979492,1,,,,
4,8,0.011657238006591797,0,,,,
2,2,0.011691332,1,,,,
2,4,0.011702775955200195,0,,,,
2,2,0.011627435684204102,1,,,,
0,4,0.011700868606567383,0,,,,
6,4,0.011703491,0,,,,
5,2,0.011729479,0,,,,
5,2,0.011768817901611328,0,,,,
2,2,0.011867046356201172,1,,,,
9,6,0.011734724044799805,0,,,,
4,8,0.011715888977050781,0,,,,
6,4,0.011690616607666016,0,,,,
8,4,0.011687994003295898,0,,,,
8,8,0.011644363403320312,1,,,,
6,6,0.011667728424072266,1,,,,
7,6,0.011697053909301758,0,,,,
4,4,0.011664152145385742,1,,,,
6,2,0.011661291122436523,0,,,,
4,4,0.011690616607666016,1,,,,
6,2,0.011693954467773438,0,,,,
6,6,0.011695623397827148,1,,,,
4,4,0.011661052703857422,1,,,,
2,2,0.011629104614257812,1,,,,
8,9,0.011669158935546875,0,,,,
7,7,0.011673450469970703,1,,,,
0,4,0.011628150939941406,0,,,,
7,7,0.011670589447021484,1,,,,
6,6,0.011646747589111328,1,,,,
9,4,0.011626958847045898,0,,,,
0,0,0.011699199676513672,1,,,,
8,2,0.011619091033935547,0,,,,
6,8,0.011650800704956055,0,,,,
4,4,0.011628628,1,,,,
6,4,0.011651516,0,,,,
6,4,0.011646032333374023,0,,,,
6,4,0.011736392974853516,0,,,,
0,6,0.011684656143188477,0,,,,
2,2,0.011688232,1,,,,
2,2,0.011715888977050781,1,,,,
4,4,0.011701107025146484,1,,,,
4,2,0.011643171310424805,0,,,,
8,8,0.011790990829467773,1,,,,
2,2,0.011784791946411133,1,,,,
8,4,0.011731863021850586,0,,,,
2,4,0.011767864227294922,0,,,,
6,6,0.011756181716918945,1,,,,
6,5,0.011690378189086914,0,,,,
7,6,0.011794567108154297,0,,,,
8,8,0.011767148971557617,1,,,,
0,6,0.011696577072143555,0,,,,
4,4,0.011724472045898438,1,,,,
4,2,0.01170969,0,,,,
4,0,0.011779069900512695,0,,,,
2,6,0.011782169342041016,0,,,,
8,4,0.011756420135498047,0,,,,
4,4,0.011680841445922852,1,,,,
4,4,0.011716842651367188,1,,,,
6,7,0.011696338653564453,0,,,,
0,8,0.011700153350830078,0,,,,
6,6,0.011701822280883789,1,,,,
4,4,0.011679410934448242,1,,,,
4,8,0.011662483215332031,0,,,,
8,8,0.011684656143188477,1,,,,
0,4,0.011660814,0,,,,
4,6,0.011650800704956055,0,,,,
8,8,0.011704444885253906,1,,,,
0,2,0.011672258377075195,0,,,,
5,2,0.011663675308227539,0,,,,
2,2,0.011692047119140625,1,,,,
6,6,0.011693477630615234,1,,,,
2,4,0.011630297,0,,,,
7,7,0.011659622192382812,1,,,,
2,4,0.011649370193481445,0,,,,
4,4,0.011702061,1,,,,
4,4,0.011692762,1,,,,
2,2,0.011746883392333984,1,,,,
4,4,0.011676549911499023,1,,,,
7,7,0.011694908142089844,1,,,,
4,6,0.011710882186889648,0,,,,
4,4,0.011686802,1,,,,
0,4,0.011648178100585938,0,,,,
8,6,0.011710166931152344,0,,,,
6,2,0.011667013168334961,0,,,,
8,4,0.011709451675415039,0,,,,
4,4,0.011675357818603516,1,,,,
5,7,0.011700153350830078,0,,,,
7,7,0.011640787124633789,1,,,,
4,8,0.011641979217529297,0,,,,
2,4,0.011660575866699219,0,,,,
4,8,0.011739015579223633,0,,,,
6,2,0.011681795120239258,0,,,,
7,0,0.011698246002197266,0,,,,
0,4,0.011697292,0,,,,
3,4,0.011790275573730469,0,,,,
2,4,0.011670827865600586,0,,,,
0,4,0.011697053909301758,0,,,,
8,4,0.011687278747558594,0,,,,
5,6,0.011804342269897461,0,,,,
8,4,0.011714935302734375,0,,,,
6,2,0.011672258377075195,0,,,,
6,2,0.011674642562866211,0,,,,
2,6,0.011680841445922852,0,,,,
4,4,0.011681556701660156,1,,,,
8,2,0.011654853820800781,0,,,,
6,6,0.011694431,1,,,,
4,4,0.011666297912597656,1,,,,
6,6,0.011695623397827148,1,,,,
7,7,0.011698961,1,,,,
4,4,0.011689186096191406,1,,,,
6,4,0.011723756790161133,0,,,,
4,4,0.011788129806518555,1,,,,
6,6,0.011708736419677734,1,,,,
6,4,0.011668444,0,,,,
5,4,0.011676549911499023,0,,,,
0,4,0.011789321899414062,0,,,,
2,2,0.011817455291748047,1,,,,
2,4,0.011697769165039062,0,,,,
7,6,0.011752605438232422,0,,,,
4,2,0.011760473251342773,0,,,,
0,6,0.011720657348632812,0,,,,
6,6,0.011657476425170898,1,,,,
8,8,0.011703252792358398,1,,,,
4,2,0.011662483215332031,0,,,,
6,2,0.011710405349731445,0,,,,
5,8,0.011717557907104492,0,,,,
6,6,0.011675834655761719,1,,,,
0,2,0.011682510375976562,0,,,,
4,4,0.011720418930053711,1,,,,
8,8,0.011749505996704102,1,,,,
8,2,0.011718273162841797,0,,,,
0,4,0.011699199676513672,0,,,,
6,4,0.011661052703857422,0,,,,
2,2,0.011616706848144531,1,,,,
4,6,0.011705398559570312,0,,,,
9,9,0.011657715,1,,,,
2,2,0.011683702,1,,,,
6,5,0.011650085,0,,,,
6,6,0.011632442474365234,1,,,,
5,6,0.011669397354125977,0,,,,
6,2,0.011639833450317383,0,,,,
2,2,0.011606693267822266,1,,,,
6,4,0.011643171310424805,0,,,,
0,8,0.011684417724609375,0,,,,
0,6,0.011699199676513672,0,,,,
8,4,0.011640548706054688,0,,,,
5,2,0.011643887,0,,,,
8,4,0.011675357818603516,0,,,,
0,4,0.011672735214233398,0,,,,
0,6,0.011653900146484375,0,,,,
2,4,0.011661291122436523,0,,,,
0,0,0.011672496795654297,1,,,,
2,6,0.011680603,0,,,,
6,6,0.011675596237182617,1,,,,
8,4,0.011634349822998047,0,,,,
2,4,0.011708498001098633,0,,,,
6,8,0.011763572692871094,0,,,,
6,7,0.011707544326782227,0,,,,
6,6,0.011681795120239258,1,,,,
6,4,0.011648655,0,,,,
5,6,0.011668205261230469,0,,,,
7,7,0.011710166931152344,1,,,,
6,2,0.011729717254638672,0,,,,
5,2,0.011675834655761719,0,,,,
2,2,0.011722087860107422,1,,,,
7,7,0.011655569076538086,1,,,,
5,2,0.01172328,0,,,,
4,4,0.011675834655761719,1,,,,
8,8,0.011716604232788086,1,,,,
4,4,0.011677980422973633,1,,,,
5,2,0.011757135391235352,0,,,,
4,4,0.011670112609863281,1,,,,
4,4,0.011633634567260742,1,,,,
7,7,0.011627674102783203,1,,,,
9,9,0.011674880981445312,1,,,,
6,6,0.011709928512573242,1,,,,
8,7,0.011667251586914062,0,,,,
0,4,0.011632442474365234,0,,,,
8,8,0.011608600616455078,1,,,,
6,2,0.011644601821899414,0,,,,
6,6,0.011676788330078125,1,,,,
0,9,0.011651277542114258,0,,,,
4,6,0.011647462844848633,0,,,,
0,2,0.011728048324584961,0,,,,
6,4,0.011750936508178711,0,,,,
5,5,0.011647462844848633,1,,,,
6,6,0.011663914,1,,,,
5,5,0.011661291122436523,1,,,,
5,8,0.011777639389038086,0,,,,
4,2,0.011753559112548828,0,,,,
0,9,0.011748075485229492,0,,,,
7,7,0.011723041534423828,1,,,,
6,2,0.01172328,0,,,,
0,4,0.011749268,0,,,,
4,4,0.011732578,1,,,,
8,4,0.011663675308227539,0,,,,
4,4,0.011672496795654297,1,,,,
4,4,0.011646747589111328,1,,,,
5,6,0.011640310287475586,0,,,,
6,6,0.011629343032836914,1,,,,
6,8,0.011672735214233398,0,,,,
6,4,0.011677742004394531,0,,,,
6,6,0.011693000793457031,1,,,,
6,6,0.011667490005493164,1,,,,
6,2,0.011640310287475586,0,,,,
4,4,0.011702775955200195,1,,,,
4,4,0.011619806289672852,1,,,,
6,2,0.011658430099487305,0,,,,
6,6,0.011662960052490234,1,,,,
4,6,0.011642694473266602,0,,,,
2,4,0.011691808700561523,0,,,,
0,6,0.011695384979248047,0,,,,
4,8,0.011676788330078125,0,,,,
6,2,0.011672019958496094,0,,,,
2,2,0.011668682098388672,1,,,,
6,6,0.011658191680908203,1,,,,
4,0,0.011660814,0,,,,
6,4,0.011654376983642578,0,,,,
2,8,0.011671066284179688,0,,,,
4,4,0.011698007583618164,1,,,,
5,7,0.011702775955200195,0,,,,
6,7,0.011703491,0,,,,
6,4,0.011704683303833008,0,,,,
0,6,0.011664867401123047,0,,,,
6,2,0.011710166931152344,0,,,,
2,2,0.011718511581420898,1,,,,
5,6,0.011762142181396484,0,,,,
6,6,0.011705875396728516,1,,,,
5,7,0.011724233627319336,0,,,,
4,0,0.011774539947509766,0,,,,
0,6,0.011734724044799805,0,,,,
4,4,0.011687994003295898,1,,,,
8,4,0.011658906936645508,0,,,,
4,4,0.011681556701660156,1,,,,
8,4,0.011639357,0,,,,
5,2,0.011661052703857422,0,,,,
8,8,0.011632204055786133,1,,,,
5,8,0.011733055114746094,0,,,,
4,0,0.011690616607666016,0,,,,
9,5,0.011714458465576172,0,,,,
2,4,0.011717557907104492,0,,,,
4,4,0.013082981,1,,,,
4,4,0.011803150177001953,1,,,,
4,4,0.011716842651367188,1,,,,
5,5,0.011738777160644531,1,,,,
2,2,0.01171875,1,,,,
2,4,0.011697053909301758,0,,,,
0,0,0.011678695678710938,1,,,,
8,8,0.011728286743164062,1,,,,
4,8,0.011724949,0,,,,
6,6,0.011676311492919922,1,,,,
2,2,0.011742115020751953,1,,,,
6,4,0.011668682098388672,0,,,,
5,7,0.011660814,0,,,,
2,4,0.011664390563964844,0,,,,
6,6,0.011635065078735352,1,,,,
7,6,0.011694669723510742,0,,,,
0,6,0.01171422,0,,,,
8,8,0.011666536331176758,1,,,,
8,8,0.011679173,1,,,,
0,4,0.011666536331176758,0,,,,
6,6,0.011764287948608398,1,,,,
4,4,0.011804104,1,,,,
8,8,0.011710882186889648,1,,,,
7,6,0.011707067489624023,0,,,,
5,4,0.011710166931152344,0,,,,
4,4,0.011799574,1,,,,
6,4,0.011731386184692383,0,,,,
5,5,0.011738777160644531,1,,,,
7,6,0.011681556701660156,0,,,,
2,4,0.011699914932250977,0,,,,
8,8,0.011677265167236328,1,,,,
0,0,0.011691093444824219,1,,,,
7,6,0.011852264404296875,0,,,,
8,8,0.011707305908203125,1,,,,
6,2,0.011659145,0,,,,
3,8,0.011688232,0,,,,
4,4,0.011735916137695312,1,,,,
7,7,0.011713027954101562,1,,,,
4,4,0.011660575866699219,1,,,,
8,4,0.011631727,0,,,,
0,2,0.011608362197875977,0,,,,
5,6,0.011616945266723633,0,,,,
8,2,0.011653423309326172,0,,,,
6,8,0.011657715,0,,,,
6,4,0.011634827,0,,,,
2,2,0.011669158935546875,1,,,,
2,6,0.011665821075439453,0,,,,
4,4,0.011708021,1,,,,
7,6,0.011678695678710938,0,,,,
8,8,0.011723041534423828,1,,,,
5,5,0.011671066284179688,1,,,,
2,2,0.011708021,1,,,,
2,4,0.011696100234985352,0,,,,
6,6,0.011759757995605469,1,,,,
6,4,0.011682034,0,,,,
2,2,0.011706829071044922,1,,,,
9,4,0.011662721633911133,0,,,,
8,8,0.011701583862304688,1,,,,
7,7,0.011743783950805664,1,,,,
5,4,0.011709451675415039,0,,,,
6,6,0.011702299118041992,1,,,,
4,8,0.011767864227294922,0,,,,
8,8,0.011697292,1,,,,
0,4,0.011754989624023438,0,,,,
0,4,0.011649608612060547,0,,,,
2,5,0.011678695678710938,0,,,,
0,2,0.011659145,0,,,,
6,8,0.011657715,0,,,,
7,7,0.011636257,1,,,,
3,8,0.011707782745361328,0,,,,
7,7,0.011685133,1,,,,
4,0,0.011681556701660156,0,,,,
6,6,0.011654376983642578,1,,,,
6,6,0.011692047119140625,1,,,,
4,4,0.011680126190185547,1,,,,
2,5,0.011678218841552734,0,,,,
5,2,0.011693954467773438,0,,,,
0,4,0.011727571487426758,0,,,,
5,7,0.011675834655761719,0,,,,
8,4,0.011662006378173828,0,,,,
4,4,0.011656761169433594,1,,,,
6,4,0.011635065078735352,0,,,,
6,4,0.011645317077636719,0,,,,
2,4,0.011638641357421875,0,,,,
2,4,0.011651516,0,,,,
6,7,0.01159358,0,,,,
5,4,0.011611461639404297,0,,,,
2,4,0.011639833450317383,0,,,,
4,4,0.011703014373779297,1,,,,
6,6,0.011711597442626953,1,,,,
4,4,0.011640548706054688,1,,,,
4,0,0.011638879776000977,0,,,,
5,5,0.011736631393432617,1,,,,
8,0,0.011664152145385742,0,,,,
4,4,0.011759757995605469,1,,,,
5,2,0.011702299118041992,0,,,,
0,8,0.011771440505981445,0,,,,
4,2,0.011742115020751953,0,,,,
4,4,0.011708736419677734,1,,,,
5,2,0.011761188507080078,0,,,,
2,6,0.011691808700561523,0,,,,
5,2,0.011689663,0,,,,
2,4,0.011660814,0,,,,
2,4,0.011689186096191406,0,,,,
2,4,0.011632204055786133,0,,,,
6,2,0.011620283126831055,0,,,,
4,2,0.011669874,0,,,,
5,6,0.011662960052490234,0,,,,
2,2,0.011651754379272461,1,,,,
4,4,0.011653423309326172,1,,,,
5,5,0.011630058288574219,1,,,,
2,4,0.011665344,0,,,,
6,2,0.011639595031738281,0,,,,
8,2,0.011691808700561523,0,,,,
5,2,0.011659145,0,,,,
2,4,0.011642932891845703,0,,,,
2,2,0.011643648147583008,1,,,,
4,5,0.011673212051391602,0,,,,
4,4,0.011626482009887695,1,,,,
4,4,0.011695623397827148,1,,,,
2,2,0.011685609817504883,1,,,,
2,2,0.011711121,1,,,,
4,0,0.011644601821899414,0,,,,
7,6,0.011684417724609375,0,,,,
7,7,0.011681795120239258,1,,,,
6,6,0.011692523956298828,1,,,,
8,0,0.011649608612060547,0,,,,
6,6,0.011673927307128906,1,,,,
4,8,0.011760950088500977,0,,,,
0,4,0.011641502380371094,0,,,,
7,7,0.011698007583618164,1,,,,
4,4,0.011627674102783203,1,,,,
2,2,0.011677026748657227,1,,,,
6,6,0.011727094650268555,1,,,,
4,4,0.011784553527832031,1,,,,
2,2,0.011688232,1,,,,
8,4,0.011712551,0,,,,
8,2,0.011680126190185547,0,,,,
4,4,0.011730194091796875,1,,,,
2,8,0.011689901351928711,0,,,,
6,6,0.011717081069946289,1,,,,
5,8,0.011740684509277344,0,,,,
0,6,0.011715173721313477,0,,,,
5,5,0.011728286743164062,1,,,,
8,8,0.011693239212036133,1,,,,
9,6,0.011651277542114258,0,,,,
4,4,0.011661291122436523,1,,,,
4,4,0.011717557907104492,1,,,,
4,0,0.011651039123535156,0,,,,
4,4,0.011599540710449219,1,,,,
9,8,0.011687994003295898,0,,,,
0,0,0.011665344,1,,,,
4,4,0.011720181,1,,,,
6,6,0.011697530746459961,1,,,,
8,4,0.011707544326782227,0,,,,
5,5,0.011725187301635742,1,,,,
0,0,0.011664390563964844,1,,,,
4,2,0.011651754379272461,0,,,,
7,8,0.011646270751953125,0,,,,
2,6,0.011633396,0,,,,
0,6,0.011678934097290039,0,,,,
6,2,0.011690378189086914,0,,,,
8,4,0.011715651,0,,,,
0,4,0.011750459671020508,0,,,,
8,6,0.011653423309326172,0,,,,
8,4,0.011624336242675781,0,,,,
2,4,0.011679173,0,,,,
8,8,0.011819124221801758,1,,,,
4,4,0.011801719665527344,1,,,,
7,7,0.011744499206542969,1,,,,
6,9,0.011793613,0,,,,
0,2,0.011746168,0,,,,
6,7,0.011699199676513672,0,,,,
6,9,0.011764287948608398,0,,,,
5,2,0.011715888977050781,0,,,,
7,7,0.011713981628417969,1,,,,
2,2,0.011700392,1,,,,
6,2,0.011708498001098633,0,,,,
5,6,0.011730432510375977,0,,,,
6,5,0.011785507202148438,0,,,,
7,6,0.011692285537719727,0,,,,
5,6,0.011646509170532227,0,,,,
0,0,0.011681556701660156,1,,,,
5,4,0.011725902557373047,0,,,,
3,8,0.011723518371582031,0,,,,
7,6,0.011681318283081055,0,,,,
8,4,0.011768102645874023,0,,,,
2,4,0.011686563491821289,0,,,,
0,8,0.011653900146484375,0,,,,
7,5,0.011669397354125977,0,,,,
7,7,0.011663914,1,,,,
8,4,0.011638164520263672,0,,,,
0,2,0.011683225631713867,0,,,,
4,8,0.011661529541015625,0,,,,
0,6,0.011664152145385742,0,,,,
7,7,0.011648655,1,,,,
0,2,0.011703968048095703,0,,,,
8,6,0.01171422,0,,,,
2,4,0.011680841445922852,0,,,,
2,2,0.011687994003295898,1,,,,
4,4,0.011697292,1,,,,
2,6,0.011659383773803711,0,,,,
5,6,0.011664152145385742,0,,,,
2,2,0.011732816696166992,1,,,,
6,6,0.011718511581420898,1,,,,
6,6,0.011733293533325195,1,,,,
0,2,0.012024164199829102,0,,,,
7,5,0.011726379,0,,,,
0,4,0.011754751205444336,0,,,,
0,8,0.011670351028442383,0,,,,
8,8,0.011656999588012695,1,,,,
4,8,0.011600255966186523,0,,,,
4,8,0.011647701263427734,0,,,,
4,2,0.011670112609863281,0,,,,
4,4,0.011625289916992188,1,,,,
4,4,0.011673450469970703,1,,,,
0,2,0.011614561080932617,0,,,,
2,2,0.01159668,1,,,,
4,4,0.011643409729003906,1,,,,
4,4,0.011634111404418945,1,,,,
4,4,0.011655092239379883,1,,,,
4,4,0.011667013168334961,1,,,,
4,6,0.011622428894042969,0,,,,
8,4,0.011649131774902344,0,,,,
8,4,0.011683702,0,,,,
2,4,0.011667013168334961,0,,,,
6,8,0.011615276336669922,0,,,,
7,7,0.011628150939941406,1,,,,
2,2,0.011649608612060547,1,,,,
6,2,0.011610984802246094,0,,,,
6,6,0.01158762,1,,,,
7,7,0.011715412139892578,1,,,,
9,9,0.011641502380371094,1,,,,
4,8,0.011661052703857422,0,,,,
0,6,0.011673212051391602,0,,,,
0,4,0.01170969,0,,,,
6,6,0.011732578,1,,,,
6,6,0.011716604232788086,1,,,,
6,2,0.011623382568359375,0,,,,
6,6,0.011625528335571289,1,,,,
8,2,0.011657715,0,,,,
8,4,0.011794328689575195,0,,,,
2,6,0.011770248413085938,0,,,,
8,6,0.011721134185791016,0,,,,
6,8,0.011701345443725586,0,,,,
6,6,0.011727571487426758,1,,,,
8,4,0.011672974,0,,,,
4,4,0.011652469635009766,1,,,,
4,4,0.011682987213134766,1,,,,
6,8,0.011692523956298828,0,,,,
0,0,0.011726140975952148,1,,,,
4,0,0.011668682098388672,0,,,,
6,4,0.011752128601074219,0,,,,
5,6,0.01171875,0,,,,
2,0,0.011607409,0,,,,
5,6,0.011664390563964844,0,,,,
0,0,0.011622428894042969,1,,,,
0,4,0.011676311492919922,0,,,,
6,4,0.011659383773803711,0,,,,
2,2,0.011641979217529297,1,,,,
7,9,0.011634111404418945,0,,,,
4,2,0.011677504,0,,,,
0,2,0.011668920516967773,0,,,,
8,8,0.011731863021850586,1,,,,
6,6,0.011675357818603516,1,,,,
5,4,0.011684894561767578,0,,,,
2,4,0.011660337448120117,0,,,,
2,2,0.011640310287475586,1,,,,
4,2,0.011680126190185547,0,,,,
5,6,0.011642694473266602,0,,,,
9,8,0.011693716049194336,0,,,,
2,2,0.011692762,1,,,,
5,5,0.011680126190185547,1,,,,
4,8,0.011764526,0,,,,
6,7,0.011693954467773438,0,,,,
7,7,0.011658430099487305,1,,,,
8,4,0.011650800704956055,0,,,,
4,4,0.011663914,1,,,,
6,6,0.011670827865600586,1,,,,
8,6,0.011655330657958984,0,,,,
4,8,0.011685371398925781,0,,,,
2,4,0.011745452880859375,0,,,,
2,2,0.011668920516967773,1,,,,
9,2,0.011630297,0,,,,
4,4,0.011627197,1,,,,
0,2,0.011644601821899414,0,,,,
8,4,0.011628628,0,,,,
4,4,0.011670112609863281,1,,,,
8,4,0.011698246002197266,0,,,,
2,2,0.011726140975952148,1,,,,
2,2,0.011681079864501953,1,,,,
8,8,0.011668920516967773,1,,,,
9,4,0.011667728424072266,0,,,,
4,8,0.011661767959594727,0,,,,
6,4,0.011642456,0,,,,
6,7,0.011673450469970703,0,,,,
7,6,0.011630535125732422,0,,,,
6,7,0.011656045913696289,0,,,,
0,4,0.011650085,0,,,,
0,0,0.011667013168334961,1,,,,
2,2,0.011645793914794922,1,,,,
6,2,0.011619329452514648,0,,,,
7,6,0.011627674102783203,0,,,,
8,4,0.011662245,0,,,,
4,4,0.011692285537719727,1,,,,
6,4,0.011664867401123047,0,,,,
6,8,0.011629343032836914,0,,,,
6,4,0.011674404,0,,,,
9,9,0.011734962463378906,1,,,,
6,6,0.011700392,1,,,,
4,2,0.011650562286376953,0,,,,
6,6,0.011607170104980469,1,,,,
2,4,0.011641026,0,,,,
4,4,0.011762142181396484,1,,,,
2,2,0.011740684509277344,1,,,,
6,8,0.011806726455688477,0,,,,
2,2,0.011730670928955078,1,,,,
0,2,0.011779785,0,,,,
0,4,0.011796951293945312,0,,,,
0,0,0.011759042739868164,1,,,,
2,2,0.011671543,1,,,,
4,6,0.011686563491821289,0,,,,
4,6,0.011662960052490234,0,,,,
6,4,0.011664867401123047,0,,,,
0,4,0.011673212051391602,0,,,,
4,6,0.011677265167236328,0,,,,
6,4,0.011693239212036133,0,,,,
6,2,0.011732816696166992,0,,,,
5,8,0.011696100234985352,0,,,,
2,2,0.011686325073242188,1,,,,
2,2,0.011680364608764648,1,,,,
7,6,0.011737585067749023,0,,,,
5,4,0.011706113815307617,0,,,,
2,4,0.011645555,0,,,,
6,2,0.011661291122436523,0,,,,
8,8,0.011665582656860352,1,,,,
7,7,0.011665344,1,,,,
4,0,0.011646509170532227,0,,,,
5,6,0.011660575866699219,0,,,,
0,0,0.011650800704956055,1,,,,
0,0,0.011669397354125977,1,,,,
5,6,0.011651992797851562,0,,,,
5,2,0.011655330657958984,0,,,,
6,4,0.011712551,0,,,,
6,6,0.011682748794555664,1,,,,
8,8,0.011701107025146484,1,,,,
5,6,0.011685371398925781,0,,,,
6,4,0.011667251586914062,0,,,,
6,4,0.011633634567260742,0,,,,
6,2,0.011651516,0,,,,
6,6,0.011733770370483398,1,,,,
8,2,0.011647462844848633,0,,,,
6,8,0.011701583862304688,0,,,,
6,6,0.011705398559570312,1,,,,
8,4,0.011752605438232422,0,,,,
6,6,0.01171422,1,,,,
0,8,0.011694908142089844,0,,,,
5,2,0.011698961,0,,,,
6,4,0.011679410934448242,0,,,,
2,4,0.011682748794555664,0,,,,
6,2,0.011720657348632812,0,,,,
7,7,0.011749268,1,,,,
7,7,0.011649608612060547,1,,,,
4,8,0.011713266372680664,0,,,,
6,4,0.011688470840454102,0,,,,
8,6,0.011677742004394531,0,,,,
8,4,0.011728048324584961,0,,,,
4,4,0.011691570281982422,1,,,,
2,4,0.011668444,0,,,,
4,4,0.011685371398925781,1,,,,
6,2,0.011718034744262695,0,,,,
6,6,0.011800527572631836,1,,,,
4,8,0.011715412139892578,0,,,,
8,4,0.011690378189086914,0,,,,
6,7,0.011691093444824219,0,,,,
0,6,0.011679649353027344,0,,,,
4,5,0.011651516,0,,,,
8,2,0.011702061,0,,,,
7,7,0.011655330657958984,1,,,,
5,6,0.011697292,0,,,,
6,7,0.011699914932250977,0,,,,
7,6,0.011700392,0,,,,
8,8,0.011735439,1,,,,
6,2,0.011736869812011719,0,,,,
4,4,0.011702299118041992,1,,,,
8,8,0.011703014373779297,1,,,,
4,4,0.011636495590209961,1,,,,
5,9,0.011819839477539062,0,,,,
8,8,0.011826038360595703,1,,,,
5,2,0.011826753616333008,0,,,,
4,4,0.011763334274291992,1,,,,
0,8,0.011689186096191406,0,,,,
6,4,0.011771440505981445,0,,,,
4,4,0.011727571487426758,1,,,,
4,4,0.011676788330078125,1,,,,
6,8,0.011672496795654297,0,,,,
6,4,0.011675596237182617,0,,,,
4,4,0.011682510375976562,1,,,,
8,8,0.011684656143188477,1,,,,
4,2,0.011712312698364258,0,,,,
7,0,0.011756181716918945,0,,,,
5,6,0.011617898941040039,0,,,,
8,4,0.011641263961791992,0,,,,
0,4,0.011623859405517578,0,,,,
2,4,0.011617183685302734,0,,,,
4,2,0.011682510375976562,0,,,,
6,6,0.011704444885253906,1,,,,
6,4,0.011713981628417969,0,,,,
2,4,0.011683225631713867,0,,,,
6,7,0.011696577072143555,0,,,,
8,4,0.011632204055786133,0,,,,
8,4,0.011748075485229492,0,,,,
4,5,0.011635541915893555,0,,,,
5,5,0.011665821075439453,1,,,,
0,4,0.011716604232788086,0,,,,
6,2,0.011641979217529297,0,,,,
4,4,0.011657715,1,,,,
0,2,0.011647939682006836,0,,,,
4,4,0.011667013168334961,1,,,,
2,2,0.011671543,1,,,,
6,6,0.011660575866699219,1,,,,
9,8,0.011634349822998047,0,,,,
5,8,0.011656522750854492,0,,,,
0,4,0.011658430099487305,0,,,,
9,9,0.011750221252441406,1,,,,
2,4,0.011669397354125977,0,,,,
5,2,0.011723756790161133,0,,,,
6,4,0.011678934097290039,0,,,,
6,6,0.011676788330078125,1,,,,
2,2,0.011692762,1,,,,
7,8,0.011679173,0,,,,
0,2,0.011671543,0,,,,
6,4,0.011652231216430664,0,,,,
0,0,0.011691332,1,,,,
6,4,0.011704206466674805,0,,,,
8,8,0.011711359024047852,1,,,,
6,2,0.011634349822998047,0,,,,
5,6,0.011669874,0,,,,
4,2,0.011716604232788086,0,,,,
8,8,0.011664152145385742,1,,,,
4,4,0.011674880981445312,1,,,,
8,8,0.011648416519165039,1,,,,
8,4,0.011697053909301758,0,,,,
8,8,0.011684179306030273,1,,,,
6,6,0.011692285537719727,1,,,,
6,5,0.011667013168334961,0,,,,
0,8,0.011647701263427734,0,,,,
9,9,0.011675119400024414,1,,,,
6,8,0.011678457260131836,0,,,,
4,2,0.011747598648071289,0,,,,
2,2,0.011713981628417969,1,,,,
6,2,0.011670827865600586,0,,,,
4,4,0.011625051498413086,1,,,,
5,5,0.011608362197875977,1,,,,
4,2,0.011623859405517578,0,,,,
2,2,0.011679649353027344,1,,,,
4,4,0.011672019958496094,1,,,,
6,6,0.011674642562866211,1,,,,
9,6,0.011656284,0,,,,
6,6,0.011614561080932617,1,,,,
6,2,0.011618852615356445,0,,,,
4,0,0.011814355850219727,0,,,,
8,8,0.011725664138793945,1,,,,
5,4,0.011762857437133789,0,,,,
6,6,0.011747837,1,,,,
7,7,0.011753798,1,,,,
4,4,0.011702537536621094,1,,,,
0,4,0.011650800704956055,0,,,,
2,2,0.012010812759399414,1,,,,
4,2,0.011932373,0,,,,
0,4,0.011683464050292969,0,,,,
7,6,0.011591196060180664,0,,,,
8,2,0.011577606201171875,0,,,,
4,2,0.011562585830688477,0,,,,
0,0,0.011803388595581055,1,,,,
4,2,0.011669874,0,,,,
0,5,0.011670827865600586,0,,,,
6,6,0.011615276336669922,1,,,,
8,4,0.011687517166137695,0,,,,
8,8,0.011667251586914062,1,,,,
4,4,0.01160121,1,,,,
4,4,0.011586427688598633,1,,,,
7,7,0.011883020401000977,1,,,,
0,2,0.011639357,0,,,,
0,2,0.011698961,0,,,,
6,2,0.011659860610961914,0,,,,
8,4,0.011712074279785156,0,,,,
8,6,0.011712074279785156,0,,,,
8,8,0.011883735656738281,1,,,,
8,8,0.011685371398925781,1,,,,
4,8,0.011603832244873047,0,,,,
4,4,0.011691570281982422,1,,,,
4,4,0.011614322662353516,1,,,,
2,4,0.011636018753051758,0,,,,
8,6,0.011641502380371094,0,,,,
7,0,0.011682271957397461,0,,,,
5,5,0.011635303497314453,1,,,,
2,4,0.011723756790161133,0,,,,
7,7,0.011683940887451172,1,,,,
4,0,0.011670112609863281,0,,,,
3,8,0.011709928512573242,0,,,,
0,4,0.011678695678710938,0,,,,
1,8,0.011700630187988281,0,,,,
7,6,0.011672019958496094,0,,,,
4,4,0.011642217636108398,1,,,,
3,6,0.011672496795654297,0,,,,
0,4,0.011759757995605469,0,,,,
2,2,0.011733055114746094,1,,,,
6,0,0.011740922927856445,0,,,,
4,4,0.011644363403320312,1,,,,
6,2,0.011658668518066406,0,,,,
2,4,0.011698007583618164,0,,,,
5,2,0.011710643768310547,0,,,,
9,9,0.011720895767211914,1,,,,
0,8,0.011723518371582031,0,,,,
7,7,0.011720895767211914,1,,,,
7,7,0.011746168,1,,,,
5,5,0.011676311492919922,1,,,,
8,8,0.011713981628417969,1,,,,
4,4,0.011675357818603516,1,,,,
4,4,0.011641979217529297,1,,,,
2,2,0.011710643768310547,1,,,,
4,2,0.011747837,0,,,,
2,6,0.011687040328979492,0,,,,
4,0,0.011677742004394531,0,,,,
5,5,0.011680603,1,,,,
2,6,0.011651516,0,,,,
6,6,0.011718034744262695,1,,,,
2,2,0.011684894561767578,1,,,,
8,8,0.01171422,1,,,,
6,6,0.011652469635009766,1,,,,
8,8,0.011601686477661133,1,,,,
0,2,0.011612653732299805,0,,,,
8,4,0.011748790740966797,0,,,,
5,4,0.011787652969360352,0,,,,
7,6,0.011712789535522461,0,,,,
7,7,0.011693239212036133,1,,,,
5,6,0.011788845,0,,,,
2,8,0.011725664138793945,0,,,,
2,4,0.011842251,0,,,,
2,2,0.011676073,1,,,,
4,0,0.011611461639404297,0,,,,
5,4,0.011640787124633789,0,,,,
6,4,0.011651277542114258,0,,,,
8,6,0.011618852615356445,0,,,,
5,7,0.011748075485229492,0,,,,
2,4,0.011771678924560547,0,,,,
5,2,0.011710166931152344,0,,,,
2,4,0.011676073,0,,,,
5,8,0.011642456,0,,,,
6,6,0.011637449264526367,1,,,,
2,4,0.011664152145385742,0,,,,
5,5,0.011653185,1,,,,
5,8,0.011667728424072266,0,,,,
6,6,0.011653423309326172,1,,,,
6,4,0.011616706848144531,0,,,,
6,6,0.011605262756347656,1,,,,
6,2,0.011647939682006836,0,,,,
4,4,0.011649370193481445,1,,,,
6,8,0.011634827,0,,,,
6,6,0.011658430099487305,1,,,,
2,2,0.011702299118041992,1,,,,
8,8,0.011652231216430664,1,,,,
6,4,0.011659622192382812,0,,,,
4,4,0.011639118194580078,1,,,,
7,7,0.011674880981445312,1,,,,
7,6,0.011713743209838867,0,,,,
6,6,0.011699914932250977,1,,,,
8,4,0.011664867401123047,0,,,,
2,2,0.011682271957397461,1,,,,
4,4,0.011706352233886719,1,,,,
2,2,0.011641502380371094,1,,,,
0,6,0.011706113815307617,0,,,,
5,8,0.011677026748657227,0,,,,
4,2,0.011729479,0,,,,
5,8,0.011636734008789062,0,,,,
6,4,0.011638164520263672,0,,,,
8,7,0.011630297,0,,,,
5,6,0.011675119400024414,0,,,,
8,4,0.011719226837158203,0,,,,
4,4,0.011686802,1,,,,
4,2,0.011666297912597656,0,,,,
7,7,0.011722087860107422,1,,,,
2,2,0.011636257,1,,,,
6,6,0.011686802,1,,,,
6,6,0.011728763580322266,1,,,,
6,2,0.011686802,0,,,,
2,4,0.011672019958496094,0,,,,
6,6,0.011676788330078125,1,,,,
2,4,0.011685609817504883,0,,,,
6,4,0.011639833450317383,0,,,,
4,2,0.011639118194580078,0,,,,
6,6,0.011699914932250977,1,,,,
6,6,0.011665344,1,,,,
0,4,0.011582612991333008,0,,,,
4,4,0.011625767,1,,,,
6,6,0.011630297,1,,,,
5,5,0.011629819869995117,1,,,,
4,2,0.012056589126586914,0,,,,
2,4,0.011563777923583984,0,,,,
5,8,0.011679649353027344,0,,,,
0,2,0.011661767959594727,0,,,,
7,6,0.011713504791259766,0,,,,
4,4,0.011701345443725586,1,,,,
6,4,0.011797428131103516,0,,,,
5,4,0.011663436889648438,0,,,,
4,4,0.011626005172729492,1,,,,
4,0,0.011831283569335938,0,,,,
8,2,0.011769533157348633,0,,,,
6,6,0.011755943298339844,1,,,,
2,2,0.011703729629516602,1,,,,
6,4,0.011722564697265625,0,,,,
2,0,0.011764049530029297,0,,,,
5,6,0.011749029159545898,0,,,,
6,7,0.011707067489624023,0,,,,
0,0,0.011718988418579102,1,,,,
8,8,0.011659145,1,,,,
7,7,0.011692523956298828,1,,,,
4,4,0.011663675308227539,1,,,,
5,8,0.011684179306030273,0,,,,
5,8,0.011688232,0,,,,
5,5,0.011650085,1,,,,
6,6,0.011640310287475586,1,,,,
6,8,0.011674165725708008,0,,,,
8,8,0.011726379,1,,,,
5,5,0.011753082275390625,1,,,,
0,9,0.011713504791259766,0,,,,
4,0,0.011711121,0,,,,
6,4,0.011682748794555664,0,,,,
2,4,0.011699676513671875,0,,,,
5,6,0.011660575866699219,0,,,,
9,2,0.011668920516967773,0,,,,
0,0,0.011714935302734375,1,,,,
4,4,0.011738061904907227,1,,,,
6,7,0.011702537536621094,0,,,,
5,6,0.011653900146484375,0,,,,
6,6,0.011663675308227539,1,,,,
8,2,0.011696577072143555,0,,,,
4,6,0.011688709259033203,0,,,,
6,8,0.011655569076538086,0,,,,
6,4,0.011693477630615234,0,,,,
6,4,0.011663914,0,,,,
6,6,0.011705875396728516,1,,,,
8,6,0.011777639389038086,0,,,,
0,4,0.011673450469970703,0,,,,
7,7,0.011698007583618164,1,,,,
0,2,0.011653185,0,,,,
2,2,0.011691332,1,,,,
4,4,0.011695623397827148,1,,,,
5,4,0.011658668518066406,0,,,,
8,2,0.011676073,0,,,,
6,6,0.011632442474365234,1,,,,
6,6,0.011697530746459961,1,,,,
4,2,0.011666775,0,,,,
8,8,0.011681795120239258,1,,,,
2,4,0.011651277542114258,0,,,,
8,4,0.011689186096191406,0,,,,
8,8,0.011680841445922852,1,,,,
6,4,0.011721372604370117,0,,,,
7,8,0.011678457260131836,0,,,,
7,7,0.011701822280883789,1,,,,
0,2,0.011694192886352539,0,,,,
8,6,0.011691093444824219,0,,,,
4,4,0.011672735214233398,1,,,,
8,8,0.011695623397827148,1,,,,
5,4,0.011750221252441406,0,,,,
4,6,0.011651516,0,,,,
5,4,0.011714696884155273,0,,,,
8,8,0.011686086654663086,1,,,,
7,7,0.011746883392333984,1,,,,
4,4,0.011650323867797852,1,,,,
6,6,0.011662721633911133,1,,,,
6,4,0.011661291122436523,0,,,,
2,2,0.011710405349731445,1,,,,
0,2,0.011658430099487305,0,,,,
8,2,0.011721372604370117,0,,,,
5,2,0.011610984802246094,0,,,,
2,2,0.011661767959594727,1,,,,
2,2,0.011644601821899414,1,,,,
2,5,0.011673927307128906,0,,,,
6,6,0.011812448501586914,1,,,,
6,6,0.011792421340942383,1,,,,
8,4,0.011776686,0,,,,
8,0,0.011747121810913086,0,,,,
4,6,0.011677980422973633,0,,,,
8,0,0.011682034,0,,,,
4,4,0.011698484420776367,1,,,,
4,4,0.011685371398925781,1,,,,
8,8,0.011687755584716797,1,,,,
2,4,0.011690378189086914,0,,,,
6,8,0.011662483215332031,0,,,,
7,7,0.011681318283081055,1,,,,
7,6,0.011740208,0,,,,
8,4,0.011682987213134766,0,,,,
7,6,0.011672735214233398,0,,,,
8,4,0.011677504,0,,,,
7,6,0.011689663,0,,,,
2,4,0.01170969,0,,,,
8,4,0.011683464050292969,0,,,,
9,4,0.011796951293945312,0,,,,
6,6,0.011692285537719727,1,,,,
6,4,0.011758327,0,,,,
0,2,0.011690616607666016,0,,,,
4,8,0.011696815490722656,0,,,,
2,4,0.011678218841552734,0,,,,
8,9,0.011687517166137695,0,,,,
8,8,0.011713981628417969,1,,,,
8,8,0.011706352233886719,1,,,,
4,4,0.011693716049194336,1,,,,
8,6,0.011666297912597656,0,,,,
6,6,0.011703968048095703,1,,,,
4,4,0.011680126190185547,1,,,,
4,4,0.011682748794555664,1,,,,
8,8,0.011685609817504883,1,,,,
6,6,0.011720895767211914,1,,,,
4,4,0.011664390563964844,1,,,,
6,4,0.011659383773803711,0,,,,
6,8,0.011680603,0,,,,
9,5,0.011727094650268555,0,,,,
6,4,0.011713504791259766,0,,,,
6,6,0.011692047119140625,1,,,,
8,4,0.011745691299438477,0,,,,
4,4,0.011711121,1,,,,
4,0,0.011667728424072266,0,,,,
5,2,0.011646986,0,,,,
2,8,0.011648178100585938,0,,,,
6,4,0.011620283126831055,0,,,,
2,5,0.011679649353027344,0,,,,
4,4,0.011624813079833984,1,,,,
5,7,0.011668682098388672,0,,,,
5,6,0.011657238006591797,0,,,,
6,8,0.011653661727905273,0,,,,
5,4,0.011688947677612305,0,,,,
6,6,0.011685848236083984,1,,,,
0,0,0.011618852615356445,1,,,,
2,0,0.011651277542114258,0,,,,
8,4,0.011653423309326172,0,,,,
0,4,0.011689424514770508,0,,,,
7,7,0.011710166931152344,1,,,,
0,8,0.011666059494018555,0,,,,
5,7,0.011655569076538086,0,,,,
6,5,0.011696815490722656,0,,,,
4,4,0.011678457260131836,1,,,,
6,6,0.011699914932250977,1,,,,
7,7,0.011615753173828125,1,,,,
8,8,0.011661529541015625,1,,,,
4,2,0.011673212051391602,0,,,,
6,4,0.011626005172729492,0,,,,
6,2,0.011643171310424805,0,,,,
5,2,0.011662721633911133,0,,,,
6,6,0.011638641357421875,1,,,,
0,8,0.011651992797851562,0,,,,
8,4,0.011654376983642578,0,,,,
0,0,0.011863231658935547,1,,,,
8,8,0.011826038360595703,1,,,,
0,4,0.011772871017456055,0,,,,
8,2,0.011763334274291992,0,,,,
4,4,0.011742115020751953,1,,,,
5,6,0.011728525161743164,0,,,,
7,7,0.011716365814208984,1,,,,
6,4,0.011681079864501953,0,,,,
7,0,0.011678934097290039,0,,,,
8,6,0.011713981628417969,0,,,,
3,9,0.011730194091796875,0,,,,
4,6,0.011678695678710938,0,,,,
9,7,0.011724472045898438,0,,,,
2,2,0.011737823486328125,1,,,,
4,8,0.011644840240478516,0,,,,
8,8,0.011687994003295898,1,,,,
8,8,0.011698246002197266,1,,,,
4,2,0.011702299118041992,0,,,,
2,2,0.011683464050292969,1,,,,
5,7,0.011766910552978516,0,,,,
8,8,0.011711597442626953,1,,,,
8,4,0.011708021,0,,,,
6,6,0.011701107025146484,1,,,,
6,4,0.011702775955200195,0,,,,
7,5,0.011728286743164062,0,,,,
5,6,0.011748075485229492,0,,,,
6,9,0.011747837,0,,,,
6,6,0.011744022369384766,1,,,,
8,4,0.011671781539916992,0,,,,
4,2,0.011662006378173828,0,,,,
5,2,0.011674642562866211,0,,,,
0,4,0.011690616607666016,0,,,,
4,2,0.011665105819702148,0,,,,
5,0,0.011713266372680664,0,,,,
8,8,0.011644601821899414,1,,,,
6,4,0.011612892150878906,0,,,,
8,4,0.011631488800048828,0,,,,
6,6,0.011657238006591797,1,,,,
2,2,0.011708498001098633,1,,,,
5,5,0.011658906936645508,1,,,,
4,6,0.011698961,0,,,,
8,8,0.011636734008789062,1,,,,
4,4,0.011650085,1,,,,
4,4,0.011687994003295898,1,,,,
4,2,0.011667966842651367,0,,,,
4,4,0.011668205261230469,1,,,,
2,5,0.011660099029541016,0,,,,
5,4,0.011647462844848633,0,,,,
8,4,0.011749268,0,,,,
8,4,0.011691808700561523,0,,,,
6,7,0.011684656143188477,0,,,,
7,7,0.011728048324584961,1,,,,
7,7,0.011720181,1,,,,
2,2,0.011691570281982422,1,,,,
2,2,0.011679173,1,,,,
8,8,0.011656284,1,,,,
6,2,0.011728525161743164,0,,,,
8,8,0.011642217636108398,1,,,,
8,8,0.011697530746459961,1,,,,
6,6,0.011608839,1,,,,
7,6,0.011681079864501953,0,,,,
7,6,0.011642217636108398,0,,,,
6,4,0.011672019958496094,0,,,,
8,8,0.011641263961791992,1,,,,
4,4,0.011750936508178711,1,,,,
2,4,0.011617183685302734,0,,,,
8,4,0.011663914,0,,,,
2,6,0.011632680892944336,0,,,,
5,6,0.011678695678710938,0,,,,
2,4,0.011684894561767578,0,,,,
2,2,0.011646986,1,,,,
0,4,0.011716842651367188,0,,,,
6,4,0.011661529541015625,0,,,,
6,4,0.011823177337646484,0,,,,
2,8,0.011773586,0,,,,
0,4,0.011787891387939453,0,,,,
0,0,0.011730670928955078,1,,,,
4,4,0.011801958084106445,1,,,,
0,4,0.011826515197753906,0,,,,
6,2,0.011759042739868164,0,,,,
4,4,0.011724472045898438,1,,,,
7,7,0.011731386184692383,1,,,,
2,2,0.011746644973754883,1,,,,
4,2,0.011666775,0,,,,
4,6,0.011664152145385742,0,,,,
6,5,0.011730909,0,,,,
8,6,0.011722803115844727,0,,,,
6,8,0.011726140975952148,0,,,,
9,9,0.011692285537719727,1,,,,
9,5,0.011738777160644531,0,,,,
6,4,0.01172781,0,,,,
6,6,0.011702775955200195,1,,,,
2,2,0.011762619018554688,1,,,,
4,4,0.011701822280883789,1,,,,
7,7,0.011651992797851562,1,,,,
2,4,0.011669874,0,,,,
6,6,0.011708498001098633,1,,,,
4,4,0.011916875839233398,1,,,,
2,2,0.011759757995605469,1,,,,
6,4,0.011695384979248047,0,,,,
2,4,0.011769294738769531,0,,,,
0,4,0.011739015579223633,0,,,,
4,6,0.011655807495117188,0,,,,
8,4,0.011700153350830078,0,,,,
6,7,0.011697530746459961,0,,,,
9,9,0.011683940887451172,1,,,,
0,4,0.011634349822998047,0,,,,
4,4,0.011721134185791016,1,,,,
8,8,0.011675119400024414,1,,,,
4,4,0.011653900146484375,1,,,,
6,4,0.011659145,0,,,,
4,2,0.011609792709350586,0,,,,
6,0,0.011610031127929688,0,,,,
7,6,0.011691808700561523,0,,,,
8,4,0.011692285537719727,0,,,,
6,0,0.011703729629516602,0,,,,
9,4,0.011738061904907227,0,,,,
2,2,0.011656522750854492,1,,,,
6,6,0.011660575866699219,1,,,,
4,4,0.011662245,1,,,,
8,6,0.011688947677612305,0,,,,
7,6,0.011662960052490234,0,,,,
0,2,0.011651516,0,,,,
4,2,0.011596918106079102,0,,,,
8,4,0.011677980422973633,0,,,,
4,8,0.011668205261230469,0,,,,
7,7,0.011742830276489258,1,,,,
2,2,0.011654138565063477,1,,,,
4,4,0.011743545532226562,1,,,,
6,0,0.011690616607666016,0,,,,
6,2,0.011687755584716797,0,,,,
6,6,0.011742353439331055,1,,,,
4,6,0.011640548706054688,0,,,,
4,6,0.011680841445922852,0,,,,
2,8,0.011713266372680664,0,,,,
6,8,0.011725425720214844,0,,,,
0,4,0.011632442474365234,0,,,,
4,0,0.011654376983642578,0,,,,
6,4,0.011610746383666992,0,,,,
2,4,0.011651039123535156,0,,,,
4,8,0.011679410934448242,0,,,,
6,6,0.011677026748657227,1,,,,
4,4,0.011771202087402344,1,,,,
2,0,0.011706352233886719,0,,,,
4,4,0.012065887451171875,1,,,,
2,2,0.011629104614257812,1,,,,
8,8,0.011677026748657227,1,,,,
4,4,0.011901855,1,,,,
0,2,0.011806249618530273,0,,,,
5,2,0.011765003204345703,0,,,,
6,4,0.011733293533325195,0,,,,
0,4,0.011756658554077148,0,,,,
4,4,0.011719465255737305,1,,,,
8,8,0.011748790740966797,1,,,,
8,8,0.011710405349731445,1,,,,
8,8,0.011732578,1,,,,
6,6,0.011692523956298828,1,,,,
5,2,0.011734485626220703,0,,,,
4,2,0.011679649353027344,0,,,,
8,8,0.011701583862304688,1,,,,
7,7,0.011704444885253906,1,,,,
8,6,0.011728525161743164,0,,,,
7,7,0.011674404,1,,,,
0,0,0.011672974,1,,,,
6,6,0.011660575866699219,1,,,,
6,6,0.011657238006591797,1,,,,
5,9,0.011664390563964844,0,,,,
6,6,0.011698722839355469,1,,,,
4,4,0.011699914932250977,1,,,,
4,2,0.011674642562866211,0,,,,
5,2,0.011679887771606445,0,,,,
6,4,0.011688947677612305,0,,,,
0,8,0.011694431,0,,,,
8,8,0.011674404,1,,,,
6,6,0.011705160140991211,1,,,,
6,5,0.011695623397827148,0,,,,
6,2,0.011630535125732422,0,,,,
0,4,0.011667966842651367,0,,,,
7,7,0.011654376983642578,1,,,,
6,4,0.011670351028442383,0,,,,
0,4,0.011786222457885742,0,,,,
0,4,0.011673450469970703,0,,,,
6,0,0.011681318283081055,0,,,,
5,9,0.011691332,0,,,,
4,4,0.011682510375976562,1,,,,
2,4,0.011660575866699219,0,,,,
2,2,0.011684894561767578,1,,,,
2,4,0.011708736419677734,0,,,,
8,8,0.011690616607666016,1,,,,
5,4,0.011801481246948242,0,,,,
5,2,0.011644601821899414,0,,,,
0,4,0.011654138565063477,0,,,,
0,8,0.011785268783569336,0,,,,
8,4,0.011758089065551758,0,,,,
8,2,0.011667013168334961,0,,,,
8,8,0.011659145,1,,,,
5,2,0.011662721633911133,0,,,,
2,4,0.011612653732299805,0,,,,
2,2,0.011656999588012695,1,,,,
5,4,0.011608600616455078,0,,,,
8,4,0.011673212051391602,0,,,,
6,6,0.011654376983642578,1,,,,
2,4,0.011654376983642578,0,,,,
2,2,0.011641979217529297,1,,,,
4,8,0.011734009,0,,,,
6,4,0.011654376983642578,0,,,,
7,7,0.011729479,1,,,,
8,6,0.011727571487426758,0,,,,
4,4,0.011645793914794922,1,,,,
7,7,0.011627674102783203,1,,,,
6,4,0.011645078659057617,0,,,,
8,8,0.011656045913696289,1,,,,
8,6,0.011636018753051758,0,,,,
6,4,0.011623382568359375,0,,,,
8,8,0.011615276336669922,1,,,,
5,6,0.011662006378173828,0,,,,
6,8,0.011691332,0,,,,
4,0,0.011668920516967773,0,,,,
4,4,0.011607885360717773,1,,,,
2,4,0.011627912521362305,0,,,,
6,4,0.011638164520263672,0,,,,
4,4,0.011829376220703125,1,,,,
0,4,0.011767864227294922,0,,,,
4,4,0.011717319,1,,,,
6,6,0.011851787567138672,1,,,,
8,6,0.011842727661132812,0,,,,
7,8,0.011744738,0,,,,
5,4,0.011680603,0,,,,
6,6,0.011659145,1,,,,
4,4,0.011671066284179688,1,,,,
4,0,0.011713743209838867,0,,,,
4,4,0.011628150939941406,1,,,,
4,4,0.011716604232788086,1,,,,
6,8,0.011637449264526367,0,,,,
7,7,0.011664628982543945,1,,,,
