True Emotion,Predicted Emotion,Time Taken (s),Average Time(s),Frame Accuracy (%),Segment Accuracy,Count,Model Name,Segment
hap,hap,38.74900627,0.278769829,0,0,139,MiniCPM-V-2_6,9-15-1920x1080_1
hap,neu,45.82144952,0.329650716,0,0,139,sharegpt4video-8b,9-15-1920x1080_1
hap,hap,13.57982397,0.097696575,66.66666667,1,139,VideoLLaMA2-7B,9-15-1920x1080_1
sad,neu,27.32987452,0.248453405,0,0,110,MiniCPM-V-2_6,9-15-1920x1080_3
sad,neu,40.04046416,0.36400422,0,0,110,sharegpt4video-8b,9-15-1920x1080_3
sad,hap,11.12864423,0.101169493,0,0,110,VideoLLaMA2-7B,9-15-1920x1080_3
neu,neu,83.00487161,0.247038308,0,0,336,MiniCPM-V-2_6,9-15-1920x1080_5
neu,neu,107.1544077,0.318911928,100,1,336,sharegpt4video-8b,9-15-1920x1080_5
neu,sad,30.09324837,0.089563239,0,0,336,VideoLLaMA2-7B,9-15-1920x1080_5
neu,neu,3.270595074,0.408824384,0,0,8,MiniCPM-V-2_6,9-15-1920x1080_7
neu,neu,5.871423006,0.733927876,100,1,8,sharegpt4video-8b,9-15-1920x1080_7
neu,neu,3.626150846,0.453268856,0,0,8,VideoLLaMA2-7B,9-15-1920x1080_7
neu,hap,13.24433804,0.331108451,0,0,40,MiniCPM-V-2_6,9-15-1920x1080_9
neu,neu,14.56619,0.36415475,100,1,40,sharegpt4video-8b,9-15-1920x1080_9
neu,neu,5.851030827,0.146275771,100,1,40,VideoLLaMA2-7B,9-15-1920x1080_9
sur,hap,41.52808547,0.269662893,0,0,154,MiniCPM-V-2_6,9-15-1920x1080_11
sur,neu,47.05780911,0.305570189,0,0,154,sharegpt4video-8b,9-15-1920x1080_11
sur,sur,14.39893341,0.093499568,66.66666667,1,154,VideoLLaMA2-7B,9-15-1920x1080_11
sur,neu,42.5849185,0.249034611,0,0,171,MiniCPM-V-2_6,9-15-1920x1080_13
sur,neu,58.56127572,0.342463601,0,0,171,sharegpt4video-8b,9-15-1920x1080_13
sur,neu,14.85956836,0.086898061,0,0,171,VideoLLaMA2-7B,9-15-1920x1080_13
hap,neu,22.78222322,0.288382572,50,0,79,MiniCPM-V-2_6,9-15-1920x1080_15
hap,neu,20.63781238,0.261238131,0,0,79,sharegpt4video-8b,9-15-1920x1080_15
hap,hap,9.232251644,0.116863945,50,1,79,VideoLLaMA2-7B,9-15-1920x1080_15
neu,oth,5.660763264,0.283038163,0,0,20,MiniCPM-V-2_6,9-15-1920x1080_17
neu,neu,8.885454655,0.444272733,100,1,20,sharegpt4video-8b,9-15-1920x1080_17
neu,hap,4.901381493,0.245069075,0,0,20,VideoLLaMA2-7B,9-15-1920x1080_17
hap,hap,44.0189836,0.24591611,0,0,179,MiniCPM-V-2_6,9-15-1920x1080_19
hap,neu,61.76286101,0.345043916,0,0,179,sharegpt4video-8b,9-15-1920x1080_19
hap,hap,19.39918447,0.108375332,66.66666667,1,179,VideoLLaMA2-7B,9-15-1920x1080_19
sad,neu,121.204004,0.254096445,0,0,477,MiniCPM-V-2_6,9-15-1920x1080_21
sad,neu,149.6407375,0.313712238,0,0,477,sharegpt4video-8b,9-15-1920x1080_21
sad,sad,45.60194421,0.09560156,62.5,1,477,VideoLLaMA2-7B,9-15-1920x1080_21
ang,neu,39.62213039,0.271384455,33.33333333,0,146,MiniCPM-V-2_6,9-15-1920x1080_22
ang,neu,45.01130247,0.308296592,0,0,146,sharegpt4video-8b,9-15-1920x1080_22
ang,neu,13.43165445,0.091997633,0,0,146,VideoLLaMA2-7B,9-15-1920x1080_22
sad,neu,25.10924459,0.285332325,0,0,88,MiniCPM-V-2_6,9-15-1920x1080_23
sad,neu,28.83291459,0.327646757,0,0,88,sharegpt4video-8b,9-15-1920x1080_23
sad,neu,61.10430026,0.694367048,0,0,88,VideoLLaMA2-7B,9-15-1920x1080_23
fea,sur,98.98390532,0.246842657,14.28571429,0,401,MiniCPM-V-2_6,9-15-1920x1080_24
fea,neu,128.4324799,0.320280498,0,0,401,sharegpt4video-8b,9-15-1920x1080_24
fea,sur,34.0324831,0.084869035,14.28571429,0,401,VideoLLaMA2-7B,9-15-1920x1080_24
sad,neu,254.9652367,0.238731495,0,0,1068,MiniCPM-V-2_6,9-15-1920x1080_25
sad,neu,355.3296344,0.33270565,0,0,1068,sharegpt4video-8b,9-15-1920x1080_25
sad,sad,91.54128027,0.085712809,76.47058824,1,1068,VideoLLaMA2-7B,9-15-1920x1080_25
neu,hap,6.194541216,0.309727061,0,0,20,MiniCPM-V-2_6,9-15-1920x1080_27
neu,neu,8.884197474,0.444209874,100,1,20,sharegpt4video-8b,9-15-1920x1080_27
neu,sad,4.076499701,0.203824985,0,0,20,VideoLLaMA2-7B,9-15-1920x1080_27
neu,hap,5.53186512,0.368791008,0,0,15,MiniCPM-V-2_6,9-15-1920x1080_29
neu,neu,7.159679413,0.477311961,100,1,15,sharegpt4video-8b,9-15-1920x1080_29
neu,hap,4.815602779,0.321040185,0,0,15,VideoLLaMA2-7B,9-15-1920x1080_29
sad,neu,30.44200134,0.284504685,0,0,107,MiniCPM-V-2_6,9-15-1920x1080_31
sad,neu,38.40576482,0.358932381,0,0,107,sharegpt4video-8b,9-15-1920x1080_31
sad,sad,11.36282849,0.106194659,100,1,107,VideoLLaMA2-7B,9-15-1920x1080_31
ang,neu,31.32846069,0.263264376,0,0,119,MiniCPM-V-2_6,9-15-1920x1080_32
ang,neu,39.73462248,0.333904391,0,0,119,sharegpt4video-8b,9-15-1920x1080_32
ang,neu,11.35642624,0.095432153,0,0,119,VideoLLaMA2-7B,9-15-1920x1080_32
sad,hap,80.39960456,0.244375698,0,0,329,MiniCPM-V-2_6,9-15-1920x1080_33
sad,neu,102.8657217,0.312661768,0,0,329,sharegpt4video-8b,9-15-1920x1080_33
sad,hap,27.39671564,0.083272692,33.33333333,0,329,VideoLLaMA2-7B,9-15-1920x1080_33
sad,neu,22.84175754,0.296646202,0,0,77,MiniCPM-V-2_6,9-15-1920x1080_35
sad,neu,26.51390839,0.344336473,0,0,77,sharegpt4video-8b,9-15-1920x1080_35
sad,hap,9.591142178,0.124560288,0,0,77,VideoLLaMA2-7B,9-15-1920x1080_35
dis,neu,28.23263502,0.231415041,0,0,122,MiniCPM-V-2_6,9-15-1920x1080_36
dis,neu,34.69064593,0.284349557,0,0,122,sharegpt4video-8b,9-15-1920x1080_36
dis,sur,9.436859608,0.077351308,0,0,122,VideoLLaMA2-7B,9-15-1920x1080_36
sad,oth,8.788157701,0.283488958,0,0,31,MiniCPM-V-2_6,9-15-1920x1080_37
sad,neu,9.72955966,0.313856763,0,0,31,sharegpt4video-8b,9-15-1920x1080_37
sad,hap,4.113288879,0.132686738,0,0,31,VideoLLaMA2-7B,9-15-1920x1080_37
dis,neu,14.29276109,0.238212685,0,0,60,MiniCPM-V-2_6,9-15-1920x1080_38
dis,neu,16.62916875,0.277152812,0,0,60,sharegpt4video-8b,9-15-1920x1080_38
dis,dis,5.833560944,0.097226016,100,1,60,VideoLLaMA2-7B,9-15-1920x1080_38
sad,neu,177.5566294,0.240266075,0,0,739,MiniCPM-V-2_6,9-15-1920x1080_40
sad,neu,223.5197341,0.302462428,0,0,739,sharegpt4video-8b,9-15-1920x1080_40
sad,sad,62.48224378,0.084549721,58.33333333,1,739,VideoLLaMA2-7B,9-15-1920x1080_40
sad,neu,6.820932388,0.284205516,0,0,24,MiniCPM-V-2_6,9-15-1920x1080_42
sad,neu,10.44323945,0.435134977,0,0,24,sharegpt4video-8b,9-15-1920x1080_42
sad,hap,4.048509836,0.16868791,0,0,24,VideoLLaMA2-7B,9-15-1920x1080_42
hap,neu,51.19332933,0.232696952,25,0,220,MiniCPM-V-2_6,9-15-1920x1080_44
hap,neu,70.48827195,0.320401236,0,0,220,sharegpt4video-8b,9-15-1920x1080_44
hap,hap,16.09419203,0.073155418,100,1,220,VideoLLaMA2-7B,9-15-1920x1080_44
sad,hap,106.7286777,0.219606333,0,0,486,MiniCPM-V-2_6,9-15-1920x1080_46
sad,neu,161.3326712,0.331960229,0,0,486,sharegpt4video-8b,9-15-1920x1080_46
sad,sad,47.12185955,0.096958559,50,1,486,VideoLLaMA2-7B,9-15-1920x1080_46
sur,sur,24.08512235,0.243284064,0,0,99,MiniCPM-V-2_6,9-15-1920x1080_48
sur,neu,36.50474858,0.368734834,0,0,99,sharegpt4video-8b,9-15-1920x1080_48
sur,neu,12.15279913,0.122755547,0,0,99,VideoLLaMA2-7B,9-15-1920x1080_48
fea,neu,12.14457965,0.269879548,0,0,45,MiniCPM-V-2_6,9-15-1920x1080_49
fea,neu,17.64673233,0.392149607,0,0,45,sharegpt4video-8b,9-15-1920x1080_49
fea,hap,4.846700907,0.107704465,0,0,45,VideoLLaMA2-7B,9-15-1920x1080_49
neu,neu,53.92517829,0.279405069,50,1,193,MiniCPM-V-2_6,9-15-1920x1080_51
neu,neu,66.87619472,0.346508781,100,1,193,sharegpt4video-8b,9-15-1920x1080_51
neu,neu,20.72663546,0.107391894,50,1,193,VideoLLaMA2-7B,9-15-1920x1080_51
neu,neu,8.756147385,0.301936117,0,0,29,MiniCPM-V-2_6,9-15-1920x1080_53
neu,neu,12.11087465,0.417616367,100,1,29,sharegpt4video-8b,9-15-1920x1080_53
neu,hap,5.427914381,0.187169461,0,0,29,VideoLLaMA2-7B,9-15-1920x1080_53
hap,neu,20.2046144,0.280619644,0,0,72,MiniCPM-V-2_6,9-15-1920x1080_55
hap,neu,28.4098804,0.394581672,0,0,72,sharegpt4video-8b,9-15-1920x1080_55
hap,hap,7.836958408,0.108846645,50,1,72,VideoLLaMA2-7B,9-15-1920x1080_55
sur,neu,14.22230363,0.194826077,0,0,73,MiniCPM-V-2_6,9-15-1920x1080_57
sur,neu,18.0898962,0.247806797,0,0,73,sharegpt4video-8b,9-15-1920x1080_57
sur,neu,9.560405016,0.130964452,0,0,73,VideoLLaMA2-7B,9-15-1920x1080_57
sur,neu,7.215433121,0.240514437,0,0,30,MiniCPM-V-2_6,9-15-1920x1080_59
sur,neu,12.04199839,0.401399946,0,0,30,sharegpt4video-8b,9-15-1920x1080_59
sur,hap,5.39446187,0.179815396,0,0,30,VideoLLaMA2-7B,9-15-1920x1080_59
sad,neu,4.310594797,0.718432466,0,0,6,MiniCPM-V-2_6,9-15-1920x1080_61
sad,neu,4.551813126,0.758635521,0,0,6,sharegpt4video-8b,9-15-1920x1080_61
sad,hap,4.00868845,0.668114742,0,0,6,VideoLLaMA2-7B,9-15-1920x1080_61
sad,neu,9.886847973,0.253508922,0,0,39,MiniCPM-V-2_6,9-15-1920x1080_63
sad,neu,15.28339648,0.391881961,0,0,39,sharegpt4video-8b,9-15-1920x1080_63
sad,sur,5.802529097,0.148782797,0,0,39,VideoLLaMA2-7B,9-15-1920x1080_63
sad,neu,632.8970978,0.240097533,0,0,2636,MiniCPM-V-2_6,9-15-1920x1080_65
sad,neu,845.1053634,0.320601428,0,0,2636,sharegpt4video-8b,9-15-1920x1080_65
sad,sad,205.9144807,0.078116267,88.0952381,1,2636,VideoLLaMA2-7B,9-15-1920x1080_65
neu,neu,20.68150735,0.227269312,100,1,91,MiniCPM-V-2_6,9-15-1920x1080_67
neu,neu,33.73633647,0.370728972,100,1,91,sharegpt4video-8b,9-15-1920x1080_67
neu,sad,8.085397959,0.088850527,50,0,91,VideoLLaMA2-7B,9-15-1920x1080_67
hap,oth,13.35523272,0.218938241,0,0,61,MiniCPM-V-2_6,9-15-1920x1080_69
hap,neu,17.68473816,0.28991374,0,0,61,sharegpt4video-8b,9-15-1920x1080_69
hap,neu,4.841362715,0.079366602,0,0,61,VideoLLaMA2-7B,9-15-1920x1080_69
neu,neu,10.45501375,0.316818599,0,0,33,MiniCPM-V-2_6,9-15-1920x1080_71
neu,neu,11.05821395,0.335097392,100,1,33,sharegpt4video-8b,9-15-1920x1080_71
neu,hap,6.099080086,0.184820609,0,0,33,VideoLLaMA2-7B,9-15-1920x1080_71
sur,hap,39.02684259,0.267307141,0,0,146,MiniCPM-V-2_6,9-15-1920x1080_72
sur,neu,46.65124416,0.31952907,0,0,146,sharegpt4video-8b,9-15-1920x1080_72
sur,sur,15.10041451,0.103427497,33.33333333,1,146,VideoLLaMA2-7B,9-15-1920x1080_72
hap,neu,129.9358461,0.248919245,22.22222222,0,522,MiniCPM-V-2_6,9-15-1920x1080_74
hap,neu,169.1450944,0.324032748,0,0,522,sharegpt4video-8b,9-15-1920x1080_74
hap,hap,45.36787271,0.086911634,100,1,522,VideoLLaMA2-7B,9-15-1920x1080_74
neu,neu,26.12458134,0.280909477,0,0,93,MiniCPM-V-2_6,9-15-1920x1080_76
neu,neu,31.25909805,0.336119334,100,1,93,sharegpt4video-8b,9-15-1920x1080_76
neu,neu,8.479081392,0.091172918,50,1,93,VideoLLaMA2-7B,9-15-1920x1080_76
fea,neu,3.848754168,0.769750834,0,0,5,MiniCPM-V-2_6,9-15-1920x1080_77
fea,neu,4.329641104,0.865928221,0,0,5,sharegpt4video-8b,9-15-1920x1080_77
fea,neu,4.31284976,0.862569952,0,0,5,VideoLLaMA2-7B,9-15-1920x1080_77
fea,neu,4.327591419,0.865518284,0,0,5,MiniCPM-V-2_6,9-15-1920x1080_79
fea,neu,4.846520901,0.96930418,0,0,5,sharegpt4video-8b,9-15-1920x1080_79
fea,sur,4.355515003,0.871103001,0,0,5,VideoLLaMA2-7B,9-15-1920x1080_79
neu,neu,5.347752333,0.334234521,100,1,16,MiniCPM-V-2_6,9-15-1920x1080_81
neu,neu,5.721913576,0.357619599,100,1,16,sharegpt4video-8b,9-15-1920x1080_81
neu,sur,4.926816702,0.307926044,0,0,16,VideoLLaMA2-7B,9-15-1920x1080_81
sur,neu,30.98875499,0.256105413,0,0,121,MiniCPM-V-2_6,9-15-1920x1080_83
sur,neu,38.69737196,0.319812991,0,0,121,sharegpt4video-8b,9-15-1920x1080_83
sur,exc,10.9648428,0.090618536,0,0,121,VideoLLaMA2-7B,9-15-1920x1080_83
fea,neu,37.99351263,0.267559948,0,0,142,MiniCPM-V-2_6,9-15-1920x1080_85
fea,neu,45.37397575,0.319535041,0,0,142,sharegpt4video-8b,9-15-1920x1080_85
fea,sur,14.31238484,0.100791443,0,0,142,VideoLLaMA2-7B,9-15-1920x1080_85
sad,neu,54.86774802,0.267647551,0,0,205,MiniCPM-V-2_6,9-15-1920x1080_86
sad,neu,63.60841608,0.310284956,0,0,205,sharegpt4video-8b,9-15-1920x1080_86
sad,sur,21.19456363,0.103388115,0,0,205,VideoLLaMA2-7B,9-15-1920x1080_86
neu,neu,10.90277314,0.259589837,0,0,42,MiniCPM-V-2_6,9-15-1920x1080_88
neu,neu,15.6674664,0.373034914,100,1,42,sharegpt4video-8b,9-15-1920x1080_88
neu,neu,3.7948277,0.09035304,100,1,42,VideoLLaMA2-7B,9-15-1920x1080_88
sad,neu,38.81031752,0.300855175,0,0,129,MiniCPM-V-2_6,9-15-1920x1080_89
sad,neu,45.60180163,0.353502338,0,0,129,sharegpt4video-8b,9-15-1920x1080_89
sad,neu,16.00163198,0.124043659,0,0,129,VideoLLaMA2-7B,9-15-1920x1080_89
neu,neu,42.15901828,0.260240854,0,0,162,MiniCPM-V-2_6,9-15-1920x1080_91
neu,neu,46.81394744,0.288974984,100,1,162,sharegpt4video-8b,9-15-1920x1080_91
neu,neu,16.52384996,0.101999074,66.66666667,1,162,VideoLLaMA2-7B,9-15-1920x1080_91
sad,neu,64.54022956,0.261296476,0,0,247,MiniCPM-V-2_6,9-15-1920x1080_92
sad,neu,82.40201426,0.333611394,0,0,247,sharegpt4video-8b,9-15-1920x1080_92
sad,neu,19.51972365,0.079027221,25,0,247,VideoLLaMA2-7B,9-15-1920x1080_92
fea,neu,14.38273311,0.239712218,0,0,60,MiniCPM-V-2_6,9-15-1920x1080_94
fea,neu,18.3636415,0.306060692,0,0,60,sharegpt4video-8b,9-15-1920x1080_94
fea,neu,5.59845829,0.093307638,0,0,60,VideoLLaMA2-7B,9-15-1920x1080_94
sad,neu,76.17902565,0.244948636,0,0,311,MiniCPM-V-2_6,9-15-1920x1080_95
sad,neu,102.0473423,0.328126503,0,0,311,sharegpt4video-8b,9-15-1920x1080_95
sad,sur,24.62432337,0.079177889,40,0,311,VideoLLaMA2-7B,9-15-1920x1080_95
fea,neu,25.69334674,0.251895556,0,0,102,MiniCPM-V-2_6,9-15-1920x1080_96
fea,neu,30.02541256,0.29436679,0,0,102,sharegpt4video-8b,9-15-1920x1080_96
fea,hap,11.21619391,0.109962685,0,0,102,VideoLLaMA2-7B,9-15-1920x1080_96
sad,neu,155.5057082,0.240348854,0,0,647,MiniCPM-V-2_6,9-15-1920x1080_97
sad,neu,219.2382188,0.338853507,0,0,647,sharegpt4video-8b,9-15-1920x1080_97
sad,sad,50.16125774,0.077528992,54.54545455,1,647,VideoLLaMA2-7B,9-15-1920x1080_97
sad,hap,4.515676975,0.564459622,0,0,8,MiniCPM-V-2_6,9-15-1920x1080_99
sad,neu,4.894006729,0.611750841,0,0,8,sharegpt4video-8b,9-15-1920x1080_99
sad,hap,4.026921511,0.503365189,0,0,8,VideoLLaMA2-7B,9-15-1920x1080_99
sad,neu,7.088879824,0.354443991,0,0,20,MiniCPM-V-2_6,9-15-1920x1080_101
sad,neu,9.476292133,0.473814607,0,0,20,sharegpt4video-8b,9-15-1920x1080_101
sad,sur,4.994314671,0.249715734,0,0,20,VideoLLaMA2-7B,9-15-1920x1080_101
sur,neu,68.42510724,0.192205357,0,0,356,MiniCPM-V-2_6,9-15-1920x1080_102
sur,neu,115.0476954,0.323167684,0,0,356,sharegpt4video-8b,9-15-1920x1080_102
sur,sur,34.77133632,0.097672293,83.33333333,1,356,VideoLLaMA2-7B,9-15-1920x1080_102
sad,neu,21.30246806,0.322764668,0,0,66,MiniCPM-V-2_6,9-15-1920x1080_104
sad,neu,24.58268261,0.372464888,0,0,66,sharegpt4video-8b,9-15-1920x1080_104
sad,neu,10.053509,0.152325894,0,0,66,VideoLLaMA2-7B,9-15-1920x1080_104
sad,neu,562.027411,0.245212657,0,0,2292,MiniCPM-V-2_6,9-15-1920x1080_106
sad,neu,732.1581631,0.319440734,0,0,2292,sharegpt4video-8b,9-15-1920x1080_106
sad,sad,180.1124778,0.078583105,77.77777778,1,2292,VideoLLaMA2-7B,9-15-1920x1080_106
sad,neu,34.930933,0.112318113,0,0,311,MiniCPM-V-2_6,9-15-1920x1080_108
sad,neu,31.02579379,0.099761395,0,0,311,sharegpt4video-8b,9-15-1920x1080_108
sad,neu,28.48348308,0.091586762,0,0,311,VideoLLaMA2-7B,9-15-1920x1080_108
hap,neu,33.57660389,0.118645243,0,0,283,MiniCPM-V-2_6,9-15-1920x1080_110
hap,neu,27.17926884,0.096039819,0,0,283,sharegpt4video-8b,9-15-1920x1080_110
hap,hap,21.90999985,0.077420494,60,1,283,VideoLLaMA2-7B,9-15-1920x1080_110
sur,neu,11.65195346,0.123956952,0,0,94,MiniCPM-V-2_6,9-15-1920x1080_112
sur,neu,9.452021599,0.100553421,0,0,94,sharegpt4video-8b,9-15-1920x1080_112
sur,sur,10.70528793,0.113886042,50,1,94,VideoLLaMA2-7B,9-15-1920x1080_112
neu,neu,7.027763128,0.109808799,0,0,64,MiniCPM-V-2_6,9-15-1920x1080_114
neu,neu,5.440120935,0.08500189,100,1,64,sharegpt4video-8b,9-15-1920x1080_114
neu,fea,5.854478121,0.091476221,0,0,64,VideoLLaMA2-7B,9-15-1920x1080_114
neu,neu,18.85442948,0.130933538,0,0,144,MiniCPM-V-2_6,9-15-1920x1080_116
neu,neu,14.52667093,0.100879659,100,1,144,sharegpt4video-8b,9-15-1920x1080_116
neu,hap,16.65604281,0.115666964,33.33333333,0,144,VideoLLaMA2-7B,9-15-1920x1080_116
sur,neu,7.002156734,0.109408699,0,0,64,MiniCPM-V-2_6,9-15-1920x1080_118
sur,neu,5.480471849,0.085632373,0,0,64,sharegpt4video-8b,9-15-1920x1080_118
sur,sur,4.718988657,0.073734198,100,1,64,VideoLLaMA2-7B,9-15-1920x1080_118
hap,neu,3.842694044,0.174667911,0,0,22,MiniCPM-V-2_6,9-15-1920x1080_120
hap,neu,3.83881855,0.174491752,0,0,22,sharegpt4video-8b,9-15-1920x1080_120
hap,hap,5.01550746,0.227977612,100,1,22,VideoLLaMA2-7B,9-15-1920x1080_120
sur,neu,5.705875397,0.101890632,0,0,56,MiniCPM-V-2_6,9-15-1920x1080_121
sur,neu,5.109490156,0.091240896,0,0,56,sharegpt4video-8b,9-15-1920x1080_121
sur,neu,5.487869501,0.09799767,0,0,56,VideoLLaMA2-7B,9-15-1920x1080_121
sur,neu,11.56310129,0.115631013,0,0,100,MiniCPM-V-2_6,9-15-1920x1080_123
sur,neu,9.892919064,0.098929191,0,0,100,sharegpt4video-8b,9-15-1920x1080_123
sur,sad,11.02161646,0.110216165,50,0,100,VideoLLaMA2-7B,9-15-1920x1080_123
hap,hap,15.27021933,0.125165732,50,1,122,MiniCPM-V-2_6,9-15-1920x1080_124
hap,neu,10.96807337,0.089902241,0,0,122,sharegpt4video-8b,9-15-1920x1080_124
hap,hap,10.42534733,0.085453667,100,1,122,VideoLLaMA2-7B,9-15-1920x1080_124
sur,neu,6.759812117,0.109029228,0,0,62,MiniCPM-V-2_6,9-15-1920x1080_126
sur,neu,5.569020271,0.089822908,0,0,62,sharegpt4video-8b,9-15-1920x1080_126
sur,neu,5.595050812,0.090242755,0,0,62,VideoLLaMA2-7B,9-15-1920x1080_126
fea,neu,6.439753294,0.112978128,0,0,57,MiniCPM-V-2_6,9-15-1920x1080_128
fea,neu,5.140972137,0.090192494,0,0,57,sharegpt4video-8b,9-15-1920x1080_128
fea,sur,4.407005548,0.077315887,0,0,57,VideoLLaMA2-7B,9-15-1920x1080_128
dis,hap,20.09089828,0.111616102,0,0,180,MiniCPM-V-2_6,9-15-1920x1080_129
dis,neu,15.87732983,0.088207388,0,0,180,sharegpt4video-8b,9-15-1920x1080_129
dis,sur,12.34950066,0.068608337,0,0,180,VideoLLaMA2-7B,9-15-1920x1080_129
hap,hap,10.40338802,0.13004235,0,0,80,MiniCPM-V-2_6,9-15-1920x1080_131
hap,neu,9.036267042,0.112953338,0,0,80,sharegpt4video-8b,9-15-1920x1080_131
hap,hap,9.299817801,0.116247723,100,1,80,VideoLLaMA2-7B,9-15-1920x1080_131
fea,hap,10.28786564,0.155876752,0,0,66,MiniCPM-V-2_6,9-15-1920x1080_133
fea,neu,8.740519047,0.132432107,0,0,66,sharegpt4video-8b,9-15-1920x1080_133
fea,hap,8.575087547,0.129925569,0,0,66,VideoLLaMA2-7B,9-15-1920x1080_133
sad,neu,11.89292789,0.135146908,0,0,88,MiniCPM-V-2_6,9-15-1920x1080_135
sad,neu,9.501804113,0.107975047,0,0,88,sharegpt4video-8b,9-15-1920x1080_135
sad,neu,10.87396955,0.123567836,0,0,88,VideoLLaMA2-7B,9-15-1920x1080_135
sad,neu,177.196012,0.111164374,0,0,1594,MiniCPM-V-2_6,9-15-1920x1080_137
sad,neu,139.1529717,0.087297975,0,0,1594,sharegpt4video-8b,9-15-1920x1080_137
sad,sad,119.5362105,0.074991349,64,1,1594,VideoLLaMA2-7B,9-15-1920x1080_137
sad,neu,205.0303178,0.123586689,0,0,1659,MiniCPM-V-2_6,9-15-1920x1080_139
sad,neu,142.1845171,0.085704953,0,0,1659,sharegpt4video-8b,9-15-1920x1080_139
sad,sad,189.8611948,0.114443155,46.15384615,1,1659,VideoLLaMA2-7B,9-15-1920x1080_139
sad,neu,35.74356699,0.112755732,0,0,317,MiniCPM-V-2_6,9-15-1920x1080_141
sad,neu,28.01289129,0.088368742,0,0,317,sharegpt4video-8b,9-15-1920x1080_141
sad,hap,26.22779274,0.082737517,0,0,317,VideoLLaMA2-7B,9-15-1920x1080_141
neu,neu,10.31222224,0.149452496,0,0,69,MiniCPM-V-2_6,9-15-1920x1080_143
neu,neu,8.687199354,0.12590144,100,1,69,sharegpt4video-8b,9-15-1920x1080_143
neu,sur,9.976118803,0.144581432,0,0,69,VideoLLaMA2-7B,9-15-1920x1080_143
fea,neu,39.25025821,0.11716495,0,0,335,MiniCPM-V-2_6,9-15-1920x1080_145
fea,neu,36.10028982,0.107762059,0,0,335,sharegpt4video-8b,9-15-1920x1080_145
fea,sur,32.35111761,0.0965705,0,0,335,VideoLLaMA2-7B,9-15-1920x1080_145
sur,neu,11.68987012,0.144319384,0,0,81,MiniCPM-V-2_6,9-15-1920x1080_146
sur,neu,12.61597681,0.1557528,0,0,81,sharegpt4video-8b,9-15-1920x1080_146
sur,sur,9.595755577,0.118466118,100,1,81,VideoLLaMA2-7B,9-15-1920x1080_146
fea,neu,4.549204588,0.189550191,0,0,24,MiniCPM-V-2_6,9-15-1920x1080_148
fea,neu,3.940146208,0.164172759,0,0,24,sharegpt4video-8b,9-15-1920x1080_148
fea,sur,5.32849288,0.222020537,0,0,24,VideoLLaMA2-7B,9-15-1920x1080_148
sad,neu,5.1390903,0.197657319,0,0,26,MiniCPM-V-2_6,9-15-1920x1080_149
sad,neu,4.069137812,0.1565053,0,0,26,sharegpt4video-8b,9-15-1920x1080_149
sad,neu,5.296412706,0.203708181,0,0,26,VideoLLaMA2-7B,9-15-1920x1080_149
sad,neu,3.4362607,0.68725214,0,0,5,MiniCPM-V-2_6,9-15-1920x1080_151
sad,neu,3.163258076,0.632651615,0,0,5,sharegpt4video-8b,9-15-1920x1080_151
sad,neu,3.883722544,0.776744509,0,0,5,VideoLLaMA2-7B,9-15-1920x1080_151
ang,neu,14.49745917,0.122859824,0,0,118,MiniCPM-V-2_6,9-15-1920x1080_152
ang,neu,10.3734467,0.087910565,0,0,118,sharegpt4video-8b,9-15-1920x1080_152
ang,sur,10.64967418,0.090251476,0,0,118,VideoLLaMA2-7B,9-15-1920x1080_152
sad,neu,4.5049541,0.125137614,0,0,36,MiniCPM-V-2_6,9-15-1920x1080_153
sad,neu,4.292375326,0.119232648,0,0,36,sharegpt4video-8b,9-15-1920x1080_153
sad,sur,5.654960155,0.157082227,0,0,36,VideoLLaMA2-7B,9-15-1920x1080_153
neu,neu,4.326942205,0.254526012,100,1,17,MiniCPM-V-2_6,9-15-1920x1080_155
neu,neu,3.606162071,0.212127181,100,1,17,sharegpt4video-8b,9-15-1920x1080_155
neu,sad,3.054238558,0.179661092,0,0,17,VideoLLaMA2-7B,9-15-1920x1080_155
sad,neu,4.637917042,4.637917042,0,0,1,MiniCPM-V-2_6,9-15-1920x1080_156
sad,neu,3.032672882,3.032672882,0,0,1,sharegpt4video-8b,9-15-1920x1080_156
sad,neu,4.075553179,4.075553179,0,0,1,VideoLLaMA2-7B,9-15-1920x1080_156
sad,exc,23.11139703,0.122932963,0,0,188,MiniCPM-V-2_6,9-15-1920x1080_158
sad,neu,16.6604495,0.088619412,0,0,188,sharegpt4video-8b,9-15-1920x1080_158
sad,sad,15.57050848,0.082821854,66.66666667,1,188,VideoLLaMA2-7B,9-15-1920x1080_158
neu,neu,10.39783669,0.152909363,50,1,68,MiniCPM-V-2_6,9-15-1920x1080_160
neu,neu,9.066466808,0.133330394,100,1,68,sharegpt4video-8b,9-15-1920x1080_160
neu,neu,9.599192858,0.141164601,50,1,68,VideoLLaMA2-7B,9-15-1920x1080_160
neu,neu,46.65501213,0.135231919,16.66666667,0,345,MiniCPM-V-2_6,9-15-1920x1080_162
neu,neu,32.42162871,0.093975735,100,1,345,sharegpt4video-8b,9-15-1920x1080_162
neu,sad,31.73957062,0.091998755,33.33333333,0,345,VideoLLaMA2-7B,9-15-1920x1080_162
sad,neu,6.275665045,0.142628751,0,0,44,MiniCPM-V-2_6,9-15-1920x1080_164
sad,neu,5.175679207,0.117629073,0,0,44,sharegpt4video-8b,9-15-1920x1080_164
sad,sad,5.635909081,0.128088843,100,1,44,VideoLLaMA2-7B,9-15-1920x1080_164
sad,neu,3.872012138,0.143407857,0,0,27,MiniCPM-V-2_6,9-15-1920x1080_166
sad,neu,4.105205536,0.152044649,0,0,27,sharegpt4video-8b,9-15-1920x1080_166
sad,neu,3.687303543,0.136566798,0,0,27,VideoLLaMA2-7B,9-15-1920x1080_166
neu,neu,11.62427258,0.154990301,50,0,75,MiniCPM-V-2_6,9-15-1920x1080_168
neu,neu,9.012262583,0.120163501,100,1,75,sharegpt4video-8b,9-15-1920x1080_168
neu,neu,9.633677006,0.128449027,50,1,75,VideoLLaMA2-7B,9-15-1920x1080_168
sur,neu,7.654011488,0.141740953,0,0,54,MiniCPM-V-2_6,9-15-1920x1080_169
sur,neu,5.255045891,0.097315665,0,0,54,sharegpt4video-8b,9-15-1920x1080_169
sur,hap,5.123299122,0.09487591,0,0,54,VideoLLaMA2-7B,9-15-1920x1080_169
sur,neu,6.715785265,0.119924737,0,0,56,MiniCPM-V-2_6,9-15-1920x1080_171
sur,neu,5.406456947,0.096543874,0,0,56,sharegpt4video-8b,9-15-1920x1080_171
sur,hap,5.541121244,0.098948594,0,0,56,VideoLLaMA2-7B,9-15-1920x1080_171
ang,neu,12.19323635,0.11395548,0,0,107,MiniCPM-V-2_6,9-15-1920x1080_173
ang,neu,10.80783939,0.101007845,0,0,107,sharegpt4video-8b,9-15-1920x1080_173
ang,sad,8.098091841,0.075683101,0,0,107,VideoLLaMA2-7B,9-15-1920x1080_173
neu,hap,3.663755178,3.663755178,0,0,1,MiniCPM-V-2_6,9-15-1920x1080_175
neu,neu,2.993348122,2.993348122,100,1,1,sharegpt4video-8b,9-15-1920x1080_175
neu,neu,4.714103937,4.714103937,0,0,1,VideoLLaMA2-7B,9-15-1920x1080_175
neu,neu,3.227750301,1.075916767,100,1,3,MiniCPM-V-2_6,9-15-1920x1080_177
neu,neu,3.098111629,1.032703876,100,1,3,sharegpt4video-8b,9-15-1920x1080_177
neu,hap,3.945375443,1.315125148,0,0,3,VideoLLaMA2-7B,9-15-1920x1080_177
neu,neu,3.140219212,1.570109606,100,1,2,MiniCPM-V-2_6,9-15-1920x1080_179
neu,neu,3.045101404,1.522550702,100,1,2,sharegpt4video-8b,9-15-1920x1080_179
neu,hap,4.731060266,2.365530133,0,0,2,VideoLLaMA2-7B,9-15-1920x1080_179
neu,fea,4.448097706,4.448097706,0,0,1,MiniCPM-V-2_6,9-15-1920x1080_181
neu,neu,3.086790085,3.086790085,100,1,1,sharegpt4video-8b,9-15-1920x1080_181
neu,neu,3.15199995,3.15199995,0,0,1,VideoLLaMA2-7B,9-15-1920x1080_181
neu,neu,7.499278307,0.131566286,0,0,57,MiniCPM-V-2_6,9-15-1920x1080_183
neu,neu,5.542220592,0.09723194,100,1,57,sharegpt4video-8b,9-15-1920x1080_183
neu,hap,5.015654802,0.087993944,0,0,57,VideoLLaMA2-7B,9-15-1920x1080_183
sur,sur,68.09971714,0.122702193,0,0,555,MiniCPM-V-2_6,9-15-1920x1080_184
sur,neu,50.27864408,0.090592152,0,0,555,sharegpt4video-8b,9-15-1920x1080_184
sur,sur,43.41304588,0.078221704,88.88888889,1,555,VideoLLaMA2-7B,9-15-1920x1080_184
neu,neu,6.057861805,0.131692648,0,0,46,MiniCPM-V-2_6,9-15-1920x1080_186
neu,neu,4.722187996,0.102656261,100,1,46,sharegpt4video-8b,9-15-1920x1080_186
neu,neu,5.202800989,0.113104369,100,1,46,VideoLLaMA2-7B,9-15-1920x1080_186
neu,neu,54.41919327,0.121200876,12.5,0,449,MiniCPM-V-2_6,9-15-1920x1080_188
neu,neu,43.59800625,0.097100237,100,1,449,sharegpt4video-8b,9-15-1920x1080_188
neu,sad,39.32905483,0.08759255,25,0,449,VideoLLaMA2-7B,9-15-1920x1080_188
neu,neu,19.26567793,0.125101805,66.66666667,1,154,MiniCPM-V-2_6,9-15-1920x1080_190
neu,neu,21.13562751,0.137244334,100,1,154,sharegpt4video-8b,9-15-1920x1080_190
neu,hap,15.53507805,0.10087713,0,0,154,VideoLLaMA2-7B,9-15-1920x1080_190
hap,neu,27.70092511,0.143528109,0,0,193,MiniCPM-V-2_6,9-15-1920x1080_191
hap,neu,19.72074533,0.102180028,0,0,193,sharegpt4video-8b,9-15-1920x1080_191
hap,hap,22.71628761,0.117700972,50,1,193,VideoLLaMA2-7B,9-15-1920x1080_191
neu,neu,15.02179074,0.143064674,0,0,105,MiniCPM-V-2_6,9-15-1920x1080_193
neu,neu,10.11377573,0.096321674,100,1,105,sharegpt4video-8b,9-15-1920x1080_193
neu,hap,10.91743088,0.103975532,0,0,105,VideoLLaMA2-7B,9-15-1920x1080_193
hap,neu,17.07284331,0.131329564,33.33333333,0,130,MiniCPM-V-2_6,9-15-1920x1080_194
hap,neu,14.48982549,0.111460196,0,0,130,sharegpt4video-8b,9-15-1920x1080_194
hap,hap,14.50880551,0.111606196,66.66666667,1,130,VideoLLaMA2-7B,9-15-1920x1080_194
neu,neu,69.7186873,0.120620566,10,0,578,MiniCPM-V-2_6,9-15-1920x1080_196
neu,neu,50.74226546,0.087789387,100,1,578,sharegpt4video-8b,9-15-1920x1080_196
neu,sad,52.84165549,0.091421549,30,0,578,VideoLLaMA2-7B,9-15-1920x1080_196
sad,neu,7.811610937,0.125993725,0,0,62,MiniCPM-V-2_6,9-15-1920x1080_197
sad,neu,5.212986708,0.084080431,0,0,62,sharegpt4video-8b,9-15-1920x1080_197
sad,hap,5.188328981,0.083682726,0,0,62,VideoLLaMA2-7B,9-15-1920x1080_197
sad,neu,94.40959477,0.120113988,0,0,786,MiniCPM-V-2_6,9-15-1920x1080_199
sad,neu,68.78319073,0.087510421,0,0,786,sharegpt4video-8b,9-15-1920x1080_199
sad,sad,65.67551303,0.083556632,76.92307692,1,786,VideoLLaMA2-7B,9-15-1920x1080_199
sad,neu,4.903883934,0.129049577,0,0,38,MiniCPM-V-2_6,9-15-1920x1080_201
sad,neu,4.373555183,0.115093557,0,0,38,sharegpt4video-8b,9-15-1920x1080_201
sad,hap,4.965664625,0.130675385,0,0,38,VideoLLaMA2-7B,9-15-1920x1080_201
sad,neu,74.04354358,0.12444293,0,0,595,MiniCPM-V-2_6,9-15-1920x1080_203
sad,neu,52.89090967,0.088892285,0,0,595,sharegpt4video-8b,9-15-1920x1080_203
sad,sad,47.54783773,0.079912332,80,1,595,VideoLLaMA2-7B,9-15-1920x1080_203
ang,neu,19.17580652,0.135998628,0,0,141,MiniCPM-V-2_6,9-15-1920x1080_205
ang,neu,14.4812994,0.102704251,0,0,141,sharegpt4video-8b,9-15-1920x1080_205
ang,hap,14.545156,0.103157135,0,0,141,VideoLLaMA2-7B,9-15-1920x1080_205
sad,neu,19.92667603,0.115852768,0,0,172,MiniCPM-V-2_6,9-15-1920x1080_206
sad,neu,17.45459199,0.101480186,0,0,172,sharegpt4video-8b,9-15-1920x1080_206
sad,neu,16.48474002,0.095841512,0,0,172,VideoLLaMA2-7B,9-15-1920x1080_206
sad,neu,4.938830137,0.214731745,0,0,23,MiniCPM-V-2_6,9-15-1920x1080_208
sad,neu,3.858227968,0.167749042,0,0,23,sharegpt4video-8b,9-15-1920x1080_208
sad,hap,4.635955334,0.201563275,0,0,23,VideoLLaMA2-7B,9-15-1920x1080_208
sad,neu,3.030273914,0.144298758,0,0,21,MiniCPM-V-2_6,9-15-1920x1080_210
sad,neu,3.780131578,0.180006266,0,0,21,sharegpt4video-8b,9-15-1920x1080_210
sad,sad,4.82585597,0.229802665,0,0,21,VideoLLaMA2-7B,9-15-1920x1080_210
sad,neu,24.36176014,0.133124372,0,0,183,MiniCPM-V-2_6,9-15-1920x1080_212
sad,neu,16.19940948,0.088521363,0,0,183,sharegpt4video-8b,9-15-1920x1080_212
sad,sad,15.71858478,0.085893906,66.66666667,1,183,VideoLLaMA2-7B,9-15-1920x1080_212
sad,neu,38.77971053,0.148014162,0,0,262,MiniCPM-V-2_6,9-15-1920x1080_214
sad,neu,28.61924911,0.109233775,0,0,262,sharegpt4video-8b,9-15-1920x1080_214
sad,sad,26.22146559,0.10008193,40,1,262,VideoLLaMA2-7B,9-15-1920x1080_214
sad,neu,6.226959229,0.135368679,0,0,46,MiniCPM-V-2_6,9-15-1920x1080_216
sad,neu,4.695291281,0.10207155,0,0,46,sharegpt4video-8b,9-15-1920x1080_216
sad,hap,5.244163036,0.114003544,0,0,46,VideoLLaMA2-7B,9-15-1920x1080_216
sad,neu,13.39440012,0.128792309,0,0,104,MiniCPM-V-2_6,9-15-1920x1080_218
sad,neu,10.18377781,0.09792094,0,0,104,sharegpt4video-8b,9-15-1920x1080_218
sad,sad,11.44099236,0.110009542,50,1,104,VideoLLaMA2-7B,9-15-1920x1080_218
sad,neu,42.88222027,0.114352587,0,0,375,MiniCPM-V-2_6,9-15-1920x1080_220
sad,neu,32.78499866,0.087426663,0,0,375,sharegpt4video-8b,9-15-1920x1080_220
sad,sad,29.80262756,0.079473674,100,1,375,VideoLLaMA2-7B,9-15-1920x1080_220
fea,neu,7.311289072,0.128268229,0,0,57,MiniCPM-V-2_6,9-15-1920x1080_221
fea,neu,5.230775118,0.091767985,0,0,57,sharegpt4video-8b,9-15-1920x1080_221
fea,sur,5.228635788,0.091730452,0,0,57,VideoLLaMA2-7B,9-15-1920x1080_221
sad,neu,166.4977734,0.116676786,0,0,1427,MiniCPM-V-2_6,9-15-1920x1080_222
sad,neu,126.2698753,0.088486248,0,0,1427,sharegpt4video-8b,9-15-1920x1080_222
sad,sad,115.505002,0.080942538,91.30434783,1,1427,VideoLLaMA2-7B,9-15-1920x1080_222
sad,neu,297.903873,0.11954409,0,0,2492,MiniCPM-V-2_6,9-15-1920x1080_224
sad,neu,229.0655341,0.091920359,0,0,2492,sharegpt4video-8b,9-15-1920x1080_224
sad,sad,240.1412134,0.096364853,94.87179487,1,2492,VideoLLaMA2-7B,9-15-1920x1080_224
fea,neu,29.6653266,0.125700536,0,0,236,MiniCPM-V-2_6,9-15-1920x1080_225
fea,neu,24.5078373,0.103846768,0,0,236,sharegpt4video-8b,9-15-1920x1080_225
fea,sad,22.19105339,0.094029887,0,0,236,VideoLLaMA2-7B,9-15-1920x1080_225
sad,neu,192.3456163,0.12089605,0,0,1591,MiniCPM-V-2_6,9-15-1920x1080_226
sad,neu,140.2567744,0.088156364,0,0,1591,sharegpt4video-8b,9-15-1920x1080_226
sad,sad,123.5297492,0.077642834,80,1,1591,VideoLLaMA2-7B,9-15-1920x1080_226
neu,neu,5.864142656,0.158490342,0,0,37,MiniCPM-V-2_6,9-15-1920x1080_227
neu,neu,4.66833806,0.126171299,100,1,37,sharegpt4video-8b,9-15-1920x1080_227
neu,hap,4.636439323,0.125309171,0,0,37,VideoLLaMA2-7B,9-15-1920x1080_227
hap,hap,40.21977544,0.144156901,80,1,279,MiniCPM-V-2_6,9-15-1920x1080_229
hap,neu,25.59830189,0.091750186,0,0,279,sharegpt4video-8b,9-15-1920x1080_229
hap,hap,24.99512005,0.089588244,80,1,279,VideoLLaMA2-7B,9-15-1920x1080_229
neu,neu,2.935321569,0.225793967,0,0,13,MiniCPM-V-2_6,9-15-1920x1080_231
neu,neu,3.464682579,0.266514045,100,1,13,sharegpt4video-8b,9-15-1920x1080_231
neu,hap,3.555357695,0.273489053,0,0,13,VideoLLaMA2-7B,9-15-1920x1080_231
neu,neu,2.336397171,0.194699764,0,0,12,MiniCPM-V-2_6,9-15-1920x1080_233
neu,neu,3.440583467,0.286715289,100,1,12,sharegpt4video-8b,9-15-1920x1080_233
neu,hap,4.514610767,0.376217564,0,0,12,VideoLLaMA2-7B,9-15-1920x1080_233
neu,neu,2.486543655,0.497308731,0,0,5,MiniCPM-V-2_6,9-15-1920x1080_235
neu,neu,3.148217201,0.62964344,100,1,5,sharegpt4video-8b,9-15-1920x1080_235
neu,neu,3.171864748,0.63437295,0,0,5,VideoLLaMA2-7B,9-15-1920x1080_235
neu,neu,7.529268265,0.117644817,0,0,64,MiniCPM-V-2_6,9-15-1920x1080_237
neu,neu,5.427842855,0.084810045,100,1,64,sharegpt4video-8b,9-15-1920x1080_237
neu,neu,5.285344839,0.082583513,0,0,64,VideoLLaMA2-7B,9-15-1920x1080_237
neu,hap,5.437703133,0.151047309,0,0,36,MiniCPM-V-2_6,9-15-1920x1080_239
neu,neu,4.404505968,0.122347388,100,1,36,sharegpt4video-8b,9-15-1920x1080_239
neu,neu,3.060158253,0.085004396,0,0,36,VideoLLaMA2-7B,9-15-1920x1080_239
hap,hap,26.82139325,0.135461582,25,1,198,MiniCPM-V-2_6,9-15-1920x1080_241
hap,neu,19.38334417,0.097895678,0,0,198,sharegpt4video-8b,9-15-1920x1080_241
hap,hap,12.80455852,0.064669487,75,1,198,VideoLLaMA2-7B,9-15-1920x1080_241
neu,sur,2.274733543,0.454946709,0,0,5,MiniCPM-V-2_6,9-15-1920x1080_243
neu,neu,3.170056581,0.634011316,100,1,5,sharegpt4video-8b,9-15-1920x1080_243
neu,neu,3.593835592,0.718767118,0,0,5,VideoLLaMA2-7B,9-15-1920x1080_243
hap,hap,2.961408377,0.269218943,100,1,11,MiniCPM-V-2_6,9-15-1920x1080_245
hap,neu,3.425521135,0.311411012,0,0,11,sharegpt4video-8b,9-15-1920x1080_245
hap,hap,4.006911755,0.364264705,0,0,11,VideoLLaMA2-7B,9-15-1920x1080_245
neu,neu,5.123324633,0.146380704,100,1,35,MiniCPM-V-2_6,9-15-1920x1080_247
neu,neu,4.297958136,0.122798804,100,1,35,sharegpt4video-8b,9-15-1920x1080_247
neu,neu,4.711753368,0.134621525,100,1,35,VideoLLaMA2-7B,9-15-1920x1080_247
hap,neu,51.22391868,0.119682053,28.57142857,0,428,MiniCPM-V-2_6,9-15-1920x1080_248
hap,neu,41.78143287,0.09762017,0,0,428,sharegpt4video-8b,9-15-1920x1080_248
hap,hap,29.53075409,0.068997089,100,1,428,VideoLLaMA2-7B,9-15-1920x1080_248
