Feature Subset,Classifier,0,1,2,3,4,5,6,7,8,9,10,11,12,13,14,15,16,17,18,19,20,21,22,23,24,25,26,27,28,29,30,31,32,33,34,35,36,37,38,39,40,41,42,43,44,45,46,47,48,49,50,51,52,53,54,55,56,57,58,59,60,61,62,63,64,65,66,67,68,69,70,71,72,73,74,75,76,77,78,79,80,81,82,83,84,85,86,87,88,89,90,91,92,93,94,95,96,97,98,99,100,101,102,103,104,105,106,107,108,109,110,111,112,113,114,115,116,117,118,119,120,121,122,123,124,125,126,127,128,129,130,131,132,133,134,135,136,137,138,139,140,141,142,143,144,145,146,147,148,149,150,151,152,153,154,155,156,157,158,159,160,161,162,163,164,165,166,167,168,169,170,171,172,173,174,175,176,177,178,179,180,181,182,183,184,185,186,187,188,189,190,191,192,193,194,195,196,197,198,199,200,201,202,203,204,205,206,207,208,209,210,211,212,213,214,215,216,217,218,219,220,221,222,223,224,225,226,227,228,229,230,231,232,233,234,235,236,237,238,239,240,241,242,243,244,245,246,247,248,249,250,251,252,253,254,255,256,257,258,259,260,261,262,263,264,265,266,267,268,269,270,271,272,273,274,275,276,277,278,279,280,281,282,283,284,285,286,287,288,289,290,291,292,293,294,295,296,297,298,299,300,301,302,303,304,305,306,307,308,309,310,311,312,313,314,315,316,317,318,319,320,321,322,323,324,325,326,327,328,329,330,331,332,333,334,335,336,337,338,339,340,341,342,343,344,345,346,347,348,349,350,351,352,353,354,355,356,357,358,359,360,361,362,363,364,365,366,367,368,369,370,371,372,373,374,375,376,377,378,379,380,381,382,383,384,385,386,387,388,389,390,391,392,393,394,395,396,397,398,399,400,401,402,403,404,405,406,407,408,409,410,411,412
Original Gaze (IEMOCAP),Random Forest,0.499679303,0.500320697,,,,,,,,,,,,,,,,,,,,,,,,,,,,,,,,,,,,,,,,,,,,,,,,,,,,,,,,,,,,,,,,,,,,,,,,,,,,,,,,,,,,,,,,,,,,,,,,,,,,,,,,,,,,,,,,,,,,,,,,,,,,,,,,,,,,,,,,,,,,,,,,,,,,,,,,,,,,,,,,,,,,,,,,,,,,,,,,,,,,,,,,,,,,,,,,,,,,,,,,,,,,,,,,,,,,,,,,,,,,,,,,,,,,,,,,,,,,,,,,,,,,,,,,,,,,,,,,,,,,,,,,,,,,,,,,,,,,,,,,,,,,,,,,,,,,,,,,,,,,,,,,,,,,,,,,,,,,,,,,,,,,,,,,,,,,,,,,,,,,,,,,,,,,,,,,,,,,,,,,,,,,,,,,,,,,,,,,,,,,,,,,,,,,,,,,,,,,,,,,,,,,,,,,,,,
AFFWILD Face (IEMOCAP),Random Forest,0.037853991,0,0,0.000471818,0,0.047531237,0.050037166,0,0,0,0.050658511,0.049926018,0.054510206,0.047179459,0,3.25E-05,0.045121355,3.31E-05,0.046579696,0,0.058121775,0.059553081,0.044241768,0.013690204,0.061582212,0,0.047383598,0.050456093,0.052047262,0,0.024840095,0.050616517,0,0,0.043877544,0,0,0.013977439,0,0,0,0,0,0.046333427,0.003343928,,,,,,,,,,,,,,,,,,,,,,,,,,,,,,,,,,,,,,,,,,,,,,,,,,,,,,,,,,,,,,,,,,,,,,,,,,,,,,,,,,,,,,,,,,,,,,,,,,,,,,,,,,,,,,,,,,,,,,,,,,,,,,,,,,,,,,,,,,,,,,,,,,,,,,,,,,,,,,,,,,,,,,,,,,,,,,,,,,,,,,,,,,,,,,,,,,,,,,,,,,,,,,,,,,,,,,,,,,,,,,,,,,,,,,,,,,,,,,,,,,,,,,,,,,,,,,,,,,,,,,,,,,,,,,,,,,,,,,,,,,,,,,,,,,,,,,,,,,,,,,,,,,,,,,,,,,,,,,,,,,,,,,,,,,,,,,,,,,,,,,,,,,,,,,,,,,,,,,,,,,,,,,,,
AFFWILD Body (IEMOCAP),Random Forest,0.099744118,0.099562456,0.087333985,0.084088643,0.097106127,0.107860929,0.09812536,0.105594406,0.101451856,0.090278681,0.028853439,0,,,,,,,,,,,,,,,,,,,,,,,,,,,,,,,,,,,,,,,,,,,,,,,,,,,,,,,,,,,,,,,,,,,,,,,,,,,,,,,,,,,,,,,,,,,,,,,,,,,,,,,,,,,,,,,,,,,,,,,,,,,,,,,,,,,,,,,,,,,,,,,,,,,,,,,,,,,,,,,,,,,,,,,,,,,,,,,,,,,,,,,,,,,,,,,,,,,,,,,,,,,,,,,,,,,,,,,,,,,,,,,,,,,,,,,,,,,,,,,,,,,,,,,,,,,,,,,,,,,,,,,,,,,,,,,,,,,,,,,,,,,,,,,,,,,,,,,,,,,,,,,,,,,,,,,,,,,,,,,,,,,,,,,,,,,,,,,,,,,,,,,,,,,,,,,,,,,,,,,,,,,,,,,,,,,,,,,,,,,,,,,,,,,,,,,,,,,,,,,,,
AFFWILD Audio (IEMOCAP),Random Forest,0.064072085,0.06574198,0.065815649,0.061704838,0.066376683,0,0.06299255,0.064793258,0.063656841,0,0.065412243,0.064579705,0,0.038961726,0.062800075,0.064562158,0,0,0.061054952,0.065846312,0.061628944,,,,,,,,,,,,,,,,,,,,,,,,,,,,,,,,,,,,,,,,,,,,,,,,,,,,,,,,,,,,,,,,,,,,,,,,,,,,,,,,,,,,,,,,,,,,,,,,,,,,,,,,,,,,,,,,,,,,,,,,,,,,,,,,,,,,,,,,,,,,,,,,,,,,,,,,,,,,,,,,,,,,,,,,,,,,,,,,,,,,,,,,,,,,,,,,,,,,,,,,,,,,,,,,,,,,,,,,,,,,,,,,,,,,,,,,,,,,,,,,,,,,,,,,,,,,,,,,,,,,,,,,,,,,,,,,,,,,,,,,,,,,,,,,,,,,,,,,,,,,,,,,,,,,,,,,,,,,,,,,,,,,,,,,,,,,,,,,,,,,,,,,,,,,,,,,,,,,,,,,,,,,,,,,,,,,,,,,,,,,,,,,,,,,,,,,
AFFWILD Text (IEMOCAP),Random Forest,0.001275725,0,0.002072329,0.001263375,0,0,0.000658554,0.001766903,0,0,0,0,0.000111955,0.000650688,0.003019138,0.000563833,0,5.29E-05,0,0.003886977,0.000303498,0,0.023665019,0,0,0.002570318,0,0.001017452,0.03163146,6.98E-05,0,0,0,0,0,0.001852803,0.001601039,0,0.000708408,0,0.01413278,0,0,0,0,0,0,0,0.004354202,0.000289915,0.008752939,0.004983068,0,6.33E-05,0,0.026308582,0,0.000946055,0,0,0,0,0,0,0,1.98E-05,0,0.014919795,0,0,4.78E-05,0.002610907,0.019881409,0,0,0,0,0.002464766,0,0,0.01051838,0,0,0,0.000179313,0,0,0.004162251,0,0,0,0,0,0.002107726,0.005234134,0.042358549,0,0,0.005030276,0,0.000571771,0,0,0,0.000268242,0,0,0.000598507,0,0,0,0.000564198,0,4.96E-05,0,0,0,0.000471452,0.002188732,0.000149258,0.00085112,0.001706318,0,0.011409161,0.001895869,0,0.006029343,0.021037261,0,0.000677271,0,0,0.00222686,0,0.002529634,0,0.008139392,0,0,0,0.004436551,0.000927325,0,0.002566712,0,0,0.003333053,1.61E-06,0.000294502,0.002382258,0,0.032086295,0.000296917,0,0,0,0.033071108,0,0.001851371,0,0.001771604,0.000482645,0,0,0,0,0.016096813,0,0.016043239,0.030228727,9.78E-05,0,0.000444188,0,0,0.003020294,0,0.000650571,0.010590714,0.000807205,0,1.86E-05,0,0,0.009647356,0.003943453,0,0.001593515,0.000981096,0.004038293,0,0,0.000463455,0,0,0.000417765,0,0,0,0,0.000635521,0.004493857,0.001736731,0,0,4.62E-05,0.006030199,0.004634169,0,4.81E-05,0.0033604,0,0.01586377,0,0.003464017,0,0.000667727,0,0,0.001402343,0,0.003136057,0,0.007034491,0,0.009206499,0,0,0,0,0.036149082,0.001115716,0.009617205,0.000832903,0.000932414,0.000769747,0,0,0,0.000518156,0.016126242,0,0.000180691,0.011669789,0,0.033228471,0,0,0.000962341,4.61E-05,0,0,0,0.004272674,0,0.000402954,0,0,0.005153521,0.008486323,0.005735702,0.000183757,0,0,0,0.000520507,0,0.000277694,0.04331802,1.49E-05,0.036592282,0.003318496,0.000559779,0.002445604,0.005812837,0.000347252,0.001506662,0.008507638,0,0.005843806,0,0.007417852,0.003617413,0.027469407,0.003539576,0,0,0,0.001668181,0,0,0,0.025600397,0,0.041283046,0,0.001285818,0,0,0,0,0.006117231,0,0.000676267,0.018705344,0.001945379,0,0,0,0,0,0,0,0,0.008169791,0,0.034822185,0.000487242,0,0,0.001153897,0.000252959,0.002867567,0.0004771,0,0,0,0.01317694,0,0,0,0,0,,,,,,,,,,,,,,,,,,,,,,,,,,,,,,,,,,,,,,,,,,,,,,,,,,,,,,,,,,,,,,,,,,,,,,,,,,,,,,,,
AFFWILD Face+Body (IEMOCAP),Random Forest,0.018448844,0,0,0.000204245,0,0.02329358,0.025146333,0,0,0,0.024075768,0.024890082,0.02848729,0.023562049,0,0.000101616,0.022549229,1.26E-05,0.023386173,0,0.031335726,0.030407719,0.02200333,0.007459564,0.034743135,0,0.022886925,0.02529063,0.026177762,0,0.012852058,0.026303954,0,0,0.021968512,0,0,0.006987146,0,0,0,0,0,0.02255867,0.001726355,0.049805162,0.049316271,0.04595662,0.040607038,0.048080954,0.050352023,0.048852138,0.050217129,0.049772561,0.045940765,0.014240071,0,,,,,,,,,,,,,,,,,,,,,,,,,,,,,,,,,,,,,,,,,,,,,,,,,,,,,,,,,,,,,,,,,,,,,,,,,,,,,,,,,,,,,,,,,,,,,,,,,,,,,,,,,,,,,,,,,,,,,,,,,,,,,,,,,,,,,,,,,,,,,,,,,,,,,,,,,,,,,,,,,,,,,,,,,,,,,,,,,,,,,,,,,,,,,,,,,,,,,,,,,,,,,,,,,,,,,,,,,,,,,,,,,,,,,,,,,,,,,,,,,,,,,,,,,,,,,,,,,,,,,,,,,,,,,,,,,,,,,,,,,,,,,,,,,,,,,,,,,,,,,,,,,,,,,,,,,,,,,,,,,,,,,,,,,,,,,,,,,,,,,,,,,,,,,,,,,,,,
AFFWILD Face+OriginalGaze (IEMOCAP),Random Forest,0.031231289,0,0,0.000396172,0,0.038758238,0.040972884,0,0,0,0.041606336,0.041380604,0.045262431,0.03911875,0,3.90E-05,0.036889254,2.50E-05,0.038378631,0,0.048669511,0.049278588,0.036183389,0.011319463,0.051821894,0,0.038789263,0.041432415,0.043156272,0,0.020836519,0.04212144,0,0,0.03592236,0,0,0.011537931,0,0,0,0,0,0.037754691,0.002888091,0.088197636,0.086031953,,,,,,,,,,,,,,,,,,,,,,,,,,,,,,,,,,,,,,,,,,,,,,,,,,,,,,,,,,,,,,,,,,,,,,,,,,,,,,,,,,,,,,,,,,,,,,,,,,,,,,,,,,,,,,,,,,,,,,,,,,,,,,,,,,,,,,,,,,,,,,,,,,,,,,,,,,,,,,,,,,,,,,,,,,,,,,,,,,,,,,,,,,,,,,,,,,,,,,,,,,,,,,,,,,,,,,,,,,,,,,,,,,,,,,,,,,,,,,,,,,,,,,,,,,,,,,,,,,,,,,,,,,,,,,,,,,,,,,,,,,,,,,,,,,,,,,,,,,,,,,,,,,,,,,,,,,,,,,,,,,,,,,,,,,,,,,,,,,,,,,,,,,,,,,,,,,,,,,,,,,,,,,
AFFWILD Face+Audio (IEMOCAP),Random Forest,0.023266997,0,0,0.000319468,0,0.029542794,0.031475706,0,0,0,0.03203689,0.031276377,0.035753558,0.02944697,0,0.000102839,0.027586861,1.40E-05,0.02921933,0,0.038922955,0.039323735,0.026963935,0.0091987,0.041697795,0,0.029406691,0.032215622,0.034399018,0,0.016328532,0.032330791,0,0,0.026868321,0,0,0.008673518,0,0,0,0,0,0.028676267,0.002246794,0.022264297,0.024303677,0.022181864,0.023979122,0.023064263,0,0.021521761,0.024386285,0.023131791,0,0.023087735,0.02243853,0,0.014246356,0.024002131,0.023566278,0,0,0.023392492,0.024560175,0.022578771,,,,,,,,,,,,,,,,,,,,,,,,,,,,,,,,,,,,,,,,,,,,,,,,,,,,,,,,,,,,,,,,,,,,,,,,,,,,,,,,,,,,,,,,,,,,,,,,,,,,,,,,,,,,,,,,,,,,,,,,,,,,,,,,,,,,,,,,,,,,,,,,,,,,,,,,,,,,,,,,,,,,,,,,,,,,,,,,,,,,,,,,,,,,,,,,,,,,,,,,,,,,,,,,,,,,,,,,,,,,,,,,,,,,,,,,,,,,,,,,,,,,,,,,,,,,,,,,,,,,,,,,,,,,,,,,,,,,,,,,,,,,,,,,,,,,,,,,,,,,,,,,,,,,,,,,,,,,,,,,,,,,,,,,,,,,,,,,,,,,,,,,,,,
AFFWILD Face+Text (IEMOCAP),Random Forest,0.027061115,0,0,0.00059206,0,0.033456421,0.035892034,0,0,0,0.033580628,0.035477585,0.039915731,0.034373112,0,0.000165831,0.033060686,3.14E-05,0.033984988,0,0.044099053,0.041424508,0.032833934,0.011297561,0.046308265,0,0.034001892,0.036114337,0.03749757,0,0.020719584,0.037674266,0,0,0.032851421,0,0,0.012123943,0,0,0,0,0,0.033645535,0.003144148,7.06E-05,0,0.000131329,0.000148114,0,0,4.84E-05,0.000250081,0,0,0,0,1.60E-05,0.000235771,0.000339484,8.17E-05,0,7.94E-06,0,0.000252799,2.07E-05,0,0.007962078,0,0,0.000600413,0,0.000169043,0.009399996,0.000146349,0,0,0,0,0,0.000132799,0.000362302,0,0.000113931,0,0.002519065,0,0,0,0,0,0,0,0.001036553,1.59E-05,0.003166385,0.002043833,0,6.42E-05,0,0.008859677,0,0.000222076,0,0,0,0,0,0,0,4.15E-05,0,0.004956393,0,0,1.81E-05,0.000132257,0.005541184,0,0,0,0,0.000338887,0,0,0.004191931,0,0,0,1.99E-05,0,0,0.00017545,0,0,0,0,0,0.000283359,0.001456735,0.009893281,0,0,0.000519823,0,5.86E-05,0,0,0,9.45E-05,0,0,0.000206364,0,0,0,2.31E-05,0,2.46E-05,0,0,0,0.000272333,0.000108537,4.20E-05,0.000174165,0.000153107,0,0.003543476,0.000164815,0,0.000344418,0.006321738,0,0.000103935,0,0,0.000719641,0,0.000394337,0,0.001991986,0,0,0,0.000662125,0.000100756,0,0.000599111,0,0,0.000494579,3.21E-05,0.000106674,0.000328958,0,0.010878519,5.79E-05,0,0,0,0.010765724,0,0.000189864,0,0.000263986,3.22E-05,0,0,0,0,0.003325608,0,0.0046497,0.006164599,1.55E-05,0,1.41E-05,0,0,0.000597911,0,3.28E-05,0.00459572,9.62E-05,0,1.13E-05,0,0,0.002529894,0.001045008,0,0.000218779,0.00033215,0.000948504,0,0,0.000131848,0,0,2.27E-05,0,0,0,0,0.000282148,0.000540104,9.15E-05,0,0,7.51E-06,0.00098533,0.000834651,0,2.55E-05,0.000225694,0,0.003985409,0,0.00096509,0,9.34E-05,0,0,0.000118201,0,0.000690448,0,0.002080853,0,0.00105823,0,0,0,0,0.009179912,7.85E-05,0.003696829,0.000396689,0.00014665,0.000154446,0,0,0,0.000169461,0.003803373,0,6.97E-05,0.001579356,0,0.010816627,0,0,0.0001395,1.36E-05,0,0,0,0.000958309,0,7.47E-05,0,0,0.001261764,0.003046179,0.001543223,1.90E-05,0,0,0,0.000238617,0,0.000134782,0.011313118,8.83E-05,0.013165054,0.000327813,2.26E-05,0.000130458,0.000895181,0.000141599,0.001228273,0.001489936,0,0.00206709,0,0.00145732,0.001034424,0.007909316,0.002422299,0,0,0,0.000219414,0,0,0,0.00747588,0,0.013460359,0,0.000155562,0,0,0,0,0.001236427,0,0.000118104,0.003178664,9.35E-05,0,9.93E-06,0,0,0,0,0,0,0.001293553,0,0.012597059,0.000580709,0,0,6.98E-05,0.000146033,0.000607075,0.000124174,0,0,0,0.004135042,0,0,0,0,0,,,,,,,,,,,,,,,,,,,,,,,,,,,,,,,,,,,
AFFWILD Body+OriginalGaze (IEMOCAP),Random Forest,0.086072133,0.086947495,0.075271,0.072295769,0.084784606,0.092445868,0.08473032,0.090894739,0.087712911,0.078402179,0.02522129,0,0.070083212,0.065138479,,,,,,,,,,,,,,,,,,,,,,,,,,,,,,,,,,,,,,,,,,,,,,,,,,,,,,,,,,,,,,,,,,,,,,,,,,,,,,,,,,,,,,,,,,,,,,,,,,,,,,,,,,,,,,,,,,,,,,,,,,,,,,,,,,,,,,,,,,,,,,,,,,,,,,,,,,,,,,,,,,,,,,,,,,,,,,,,,,,,,,,,,,,,,,,,,,,,,,,,,,,,,,,,,,,,,,,,,,,,,,,,,,,,,,,,,,,,,,,,,,,,,,,,,,,,,,,,,,,,,,,,,,,,,,,,,,,,,,,,,,,,,,,,,,,,,,,,,,,,,,,,,,,,,,,,,,,,,,,,,,,,,,,,,,,,,,,,,,,,,,,,,,,,,,,,,,,,,,,,,,,,,,,,,,,,,,,,,,,,,,,,,,,,,,,,,,,,,,,
AFFWILD Body+Audio (IEMOCAP),Random Forest,0.065467939,0.066178255,0.056779136,0.054133763,0.064009114,0.070546283,0.064052553,0.06902412,0.065948332,0.059721131,0.019357081,0,0.0211375,0.024209904,0.021131148,0.022572874,0.021900405,0,0.020254416,0.023089032,0.021804163,0,0.022394584,0.021007757,0,0.013122789,0.023001265,0.022885808,0,0,0.022053426,0.023162601,0.021054622,,,,,,,,,,,,,,,,,,,,,,,,,,,,,,,,,,,,,,,,,,,,,,,,,,,,,,,,,,,,,,,,,,,,,,,,,,,,,,,,,,,,,,,,,,,,,,,,,,,,,,,,,,,,,,,,,,,,,,,,,,,,,,,,,,,,,,,,,,,,,,,,,,,,,,,,,,,,,,,,,,,,,,,,,,,,,,,,,,,,,,,,,,,,,,,,,,,,,,,,,,,,,,,,,,,,,,,,,,,,,,,,,,,,,,,,,,,,,,,,,,,,,,,,,,,,,,,,,,,,,,,,,,,,,,,,,,,,,,,,,,,,,,,,,,,,,,,,,,,,,,,,,,,,,,,,,,,,,,,,,,,,,,,,,,,,,,,,,,,,,,,,,,,,,,,,,,,,,,,,,,,,,,,,,,,,,,,,,,,,
AFFWILD Body+Text (IEMOCAP),Random Forest,0.079091476,0.079650591,0.070825281,0.068260321,0.079809415,0.083136037,0.078666355,0.082979557,0.081518714,0.072929524,0.024600501,0,3.62E-05,0,5.65E-05,9.88E-05,0,0,6.19E-05,0.00013418,0,0,0,0,9.44E-06,0.000123182,0.000174693,3.62E-05,0,1.47E-06,0,0.000183422,3.89E-06,0,0.006252509,0,0,0.000364093,0,9.62E-05,0.007034602,0.000101175,0,0,0,0,0,9.00E-05,0.000221947,0,6.03E-05,0,0.001702405,0,0,0,0,0,0,0,0.000739126,4.09E-06,0.00230618,0.001669068,0,1.70E-05,0,0.006845263,0,0.000135183,0,0,0,0,0,0,0,2.93E-05,0,0.003914497,0,0,8.14E-06,8.53E-05,0.004003385,0,0,0,0,0.000252593,0,0,0.003270079,0,0,0,1.35E-05,0,0,0.000108974,0,0,0,0,0,0.000162401,0.000965011,0.007432197,0,0,0.000297364,0,3.69E-05,0,0,0,4.52E-05,0,0,0.00017072,0,0,0,2.23E-05,0,1.30E-05,0,0,0,0.000113531,7.27E-05,3.18E-05,9.39E-05,9.44E-05,0,0.002880645,0.000128834,0,0.000270183,0.004656815,0,5.86E-05,0,0,0.000534674,0,0.000276996,0,0.00149776,0,0,0,0.000477286,3.50E-05,0,0.000389363,0,0,0.000327089,2.52E-05,6.95E-05,0.00021644,0,0.008398589,2.82E-05,0,0,0,0.007950999,0,0.000114568,0,0.000159609,2.86E-05,0,0,0,0,0.002283185,0,0.003413745,0.004604238,8.48E-06,0,1.91E-05,0,0,0.00042154,0,2.17E-05,0.003564268,0.000145667,0,1.29E-05,0,0,0.001735948,0.000559499,0,0.000118711,0.000140225,0.000696071,0,0,6.94E-05,0,0,1.04E-05,0,0,0,0,0.000242175,0.000364933,6.42E-05,0,0,3.96E-06,0.000564303,0.000478946,0,2.12E-05,0.000148552,0,0.002935211,0,0.000775225,0,4.19E-05,0,0,6.77E-05,0,0.000370062,0,0.001386933,0,0.000739541,0,0,0,0,0.006980215,3.34E-05,0.002884706,0.000180753,6.19E-05,8.95E-05,0,0,0,8.77E-05,0.003036705,0,2.33E-05,0.000990415,0,0.008108105,0,0,8.59E-05,8.80E-06,0,0,0,0.00065404,0,3.72E-05,0,0,0.000864495,0.002247522,0.001121148,1.45E-05,0,0,0,0.000193269,0,8.01E-05,0.008400025,3.06E-05,0.01008421,0.000228826,2.31E-05,0.000115302,0.000521759,7.34E-05,0.000888977,0.000970426,0,0.001401781,0,0.000945132,0.000802925,0.005909008,0.001825516,0,0,0,0.00014574,0,0,0,0.005736251,0,0.010427684,0,6.32E-05,0,0,0,0,0.000794673,0,5.16E-05,0.002246628,7.13E-05,0,6.52E-06,0,0,0,0,0,0,0.00082407,0,0.009868018,0.000430703,0,0,5.91E-05,0.000110628,0.000383532,5.83E-05,0,0,0,0.002898836,0,0,0,0,0,,,,,,,,,,,,,,,,,,,,,,,,,,,,,,,,,,,,,,,,,,,,,,,,,,,,,,,,,,,,,,,,,,,,
AFFWILD OriginalGaze+Audio (IEMOCAP),Random Forest,0.279512076,0.279988432,0.028220204,0.028317671,0.028326582,0.027884922,0.028382318,0,0.02785715,0.028277035,0.02804441,0,0.028459837,0.028291371,0,0.017963584,0.027988435,0.028178091,0,0,0.027904984,0.028642237,0.027760662,,,,,,,,,,,,,,,,,,,,,,,,,,,,,,,,,,,,,,,,,,,,,,,,,,,,,,,,,,,,,,,,,,,,,,,,,,,,,,,,,,,,,,,,,,,,,,,,,,,,,,,,,,,,,,,,,,,,,,,,,,,,,,,,,,,,,,,,,,,,,,,,,,,,,,,,,,,,,,,,,,,,,,,,,,,,,,,,,,,,,,,,,,,,,,,,,,,,,,,,,,,,,,,,,,,,,,,,,,,,,,,,,,,,,,,,,,,,,,,,,,,,,,,,,,,,,,,,,,,,,,,,,,,,,,,,,,,,,,,,,,,,,,,,,,,,,,,,,,,,,,,,,,,,,,,,,,,,,,,,,,,,,,,,,,,,,,,,,,,,,,,,,,,,,,,,,,,,,,,,,,,,,,,,,,,,,,,,,,,,,,,,,,,,,,
AFFWILD OriginalGaze+Text (IEMOCAP),Random Forest,0.485194422,0.476652162,2.89E-05,0,2.32E-05,2.56E-05,0,0,2.05E-05,4.49E-05,0,0,0,0,8.74E-06,1.49E-05,0.000101849,1.69E-05,0,5.75E-06,0,0.00011553,1.84E-05,0,0.001039255,0,0,0.000120994,0,2.18E-05,0.001260462,5.91E-06,0,0,0,0,0,9.05E-05,6.37E-05,0,2.83E-05,0,0.000538261,0,0,0,0,0,0,0,0.000168458,1.43E-06,0.0003373,0.00024606,0,1.05E-05,0,0.001277983,0,6.64E-05,0,0,0,0,0,0,0,1.69E-05,0,0.000650397,0,0,5.52E-06,5.34E-05,0.000900628,0,0,0,0,0.000118628,0,0,0.000437644,0,0,0,3.03E-05,0,0,8.67E-05,0,0,0,0,0,5.02E-05,0.000196284,0.001407061,0,0,0.000150342,0,1.42E-05,0,0,0,4.88E-06,0,0,1.83E-05,0,0,0,1.60E-05,0,9.89E-07,0,0,0,3.35E-05,0.000120534,2.85E-08,1.65E-05,1.91E-05,0,0.000435986,3.25E-05,0,8.39E-05,0.00086567,0,1.28E-05,0,0,9.17E-05,0,0.000106507,0,0.000319577,0,0,0,0.000131627,1.36E-05,0,7.19E-05,0,0,8.35E-05,1.77E-05,1.50E-05,7.16E-05,0,0.001335942,7.62E-06,0,0,0,0.001187444,0,4.23E-05,0,6.55E-05,1.17E-05,0,0,0,0,0.000554649,0,0.000632397,0.001099256,1.93E-06,0,1.19E-05,0,0,0.000138186,0,1.55E-07,0.000556769,4.05E-05,0,2.65E-06,0,0,0.000398115,0.00012751,0,1.55E-05,5.73E-05,0.00020289,0,0,4.08E-05,0,0,1.23E-05,0,0,0,0,5.21E-05,0.000166407,4.65E-05,0,0,6.63E-08,0.000158422,9.80E-05,0,1.37E-05,0.000138011,0,0.000495375,0,0.000123029,0,8.50E-06,0,0,3.62E-05,0,9.34E-05,0,0.000374476,0,0.00025972,0,0,0,0,0.001326714,2.78E-05,0.000426197,5.06E-05,1.33E-05,1.03E-05,0,0,0,5.59E-06,0.000605412,0,1.86E-05,0.000401088,0,0.001344296,0,0,2.89E-05,6.63E-06,0,0,0,0.000182684,0,3.39E-05,0,0,0.000153871,0.000368996,0.00027402,8.77E-06,0,0,0,2.42E-05,0,2.23E-05,0.001552924,7.91E-06,0.001544102,6.72E-05,7.66E-07,6.29E-06,0.000130872,3.50E-05,8.20E-05,0.000289253,0,0.000241891,0,0.000254258,0.000146369,0.001041437,0.000199553,0,0,0,3.31E-05,0,0,0,0.001160519,0,0.001800144,0,1.88E-05,0,0,0,0,0.000242356,0,4.52E-05,0.000479883,3.91E-05,0,9.61E-06,0,0,0,0,0,0,0.000226436,0,0.001448806,3.51E-05,0,0,2.73E-05,2.14E-05,7.14E-05,1.99E-05,0,0,0,0.000528938,0,0,0,0,0,,,,,,,,,,,,,,,,,,,,,,,,,,,,,,,,,,,,,,,,,,,,,,,,,,,,,,,,,,,,,,,,,,,,,,,,,,,,,,
AFFWILD Audio+Text (IEMOCAP),Random Forest,0.041797892,0.042492134,0.042603797,0.040842578,0.042273156,0,0.04123673,0.042322544,0.042162942,0,0.042360393,0.04223671,0,0.028291726,0.042396546,0.04241263,0,0,0.040864804,0.041592111,0.040982119,0.000286245,0,0.000408957,0.000259443,0,0,0.000416646,0.000387892,0,0,0,0,0.000232175,0.000255578,0.000910862,1.40E-05,0,0,0,0.000682522,0.000103573,0,0.009981347,0,0,0.00117098,0,0.000484891,0.010747201,7.09E-05,0,0,0,0,0,0.000343276,0.000797182,0,0.000230945,0,0.004501817,0,0,0,0,0,0,0,0.001881552,0,0.002876896,0.001851997,0,8.82E-05,0,0.009034756,0,0.000530209,0,0,0,0,0,0,0,0.000454899,0,0.004934116,0,0,0.000194306,0.000737073,0.007841547,0,0,0,0,0.000714698,0,0,0.003874931,0,0,0,1.66E-05,0,0,0.000796665,0,0,0,0,0,0.000574618,0.001707005,0.012150557,0,0,0.000905145,0,0.000292627,0,0,0,4.52E-05,0,0,0.000145778,0,0,0,9.84E-05,0,0,0,0,0,0.000282468,0.000325477,2.28E-05,0.0007875,0.000331595,0,0.003694342,0.000215689,0,0.001523481,0.007811959,0,0.000508279,0,0,0.000618889,0,0.00085865,0,0.003119634,0,0,0,0.001548221,5.05E-05,0,0.000712028,0,0,0.001755753,3.13E-06,0.000243634,0.000752875,0,0.010958417,0.000156118,0,0,0,0.009952463,0,0.000739578,0,0.001108667,0.000188688,0,0,0,0,0.005097789,0,0.006341051,0.010526872,3.27E-05,0,0.000159178,0,0,0.001162393,0,6.26E-05,0.003802145,0.000226555,0,1.38E-05,0,0,0.003393392,0.001326864,0,0.000515094,0.000341519,0.002174589,0,0,0.000434911,0,0,0.000536914,0,0,0,0,0.000221596,0.002449323,0.000299921,0,0,3.64E-05,0.002020759,0.001820469,0,8.44E-05,0.001716504,0,0.004747593,0,0.00089868,0,7.61E-05,0,0,0.000828635,0,0.001066812,0,0.0037884,0,0.003331409,0,0,0,0,0.011253156,7.53E-05,0.003327534,0.000783234,0.000165737,0.000430883,0,0,0,6.00E-05,0.006308633,0,7.01E-05,0.003672977,0,0.011193422,0,0,0.000334387,3.93E-05,0,0,0,0.002118174,0,0.000188276,0,0,0.00189353,0.002758217,0.001738696,1.73E-05,0,0,0,0.00014224,0,0.000165603,0.012877845,0.000297045,0.012548749,0.0014511,0.000110775,0.000323275,0.001681257,0.000663681,0.000617888,0.002684535,0,0.001818713,0,0.001951434,0.001518355,0.008941155,0.001275098,0,0,0,0.000584212,0,0,0,0.010135748,0,0.015449636,0,0.000248434,0,0,0,0,0.002413739,0,0.000194523,0.005319669,0.000216727,0,0.000109919,0,0,0,0,0,0,0.002854391,0,0.011528019,0.000178064,0,0,0.000372716,0.000564826,0.000946431,0.000193158,0,0,0,0.004483005,0,0,0,0,0,,,,,,,,,,,,,,,,,,,,,,,,,,,,,,,,,,,,,,,,,,,,,,,,,,,,,,,,,,,
AFFWILD Face+Body+OriginalGaze (IEMOCAP),Random Forest,0.017517785,0,0,0.000218219,0,0.022081344,0.023629315,0,0,0,0.022813638,0.023763806,0.026720778,0.022353399,0,0.000102065,0.021332455,1.16E-05,0.022371317,0,0.029563116,0.028320243,0.020814156,0.006952193,0.032899846,0,0.021519473,0.023907317,0.024749621,0,0.012407417,0.024999945,0,0,0.020888241,0,0,0.006621773,0,0,0,0,0,0.021715158,0.001660413,0.04643243,0.04581104,0.043283532,0.037831875,0.044807016,0.046541215,0.045740148,0.04631749,0.045825711,0.042381439,0.013276735,0,0.031313148,0.030503633,,,,,,,,,,,,,,,,,,,,,,,,,,,,,,,,,,,,,,,,,,,,,,,,,,,,,,,,,,,,,,,,,,,,,,,,,,,,,,,,,,,,,,,,,,,,,,,,,,,,,,,,,,,,,,,,,,,,,,,,,,,,,,,,,,,,,,,,,,,,,,,,,,,,,,,,,,,,,,,,,,,,,,,,,,,,,,,,,,,,,,,,,,,,,,,,,,,,,,,,,,,,,,,,,,,,,,,,,,,,,,,,,,,,,,,,,,,,,,,,,,,,,,,,,,,,,,,,,,,,,,,,,,,,,,,,,,,,,,,,,,,,,,,,,,,,,,,,,,,,,,,,,,,,,,,,,,,,,,,,,,,,,,,,,,,,,,,,,,,,,,,,,,,,,,,,,,
AFFWILD Face+Body+Audio (IEMOCAP),Random Forest,0.01488215,0,0,0.000214575,0,0.018437348,0.019368344,0,0,0,0.018408478,0.019703524,0.022887196,0.018245021,0,0.000103285,0.017610926,9.15E-06,0.018587206,0,0.024632636,0.023827549,0.01753153,0.006059597,0.027608079,0,0.017833264,0.019801069,0.020598954,0,0.010478845,0.020984512,0,0,0.016869416,0,0,0.005580757,0,0,0,0,0,0.017093468,0.001417699,0.039110108,0.038502529,0.035805379,0.031843472,0.037761801,0.038699612,0.038316124,0.039314225,0.038455974,0.036028608,0.011493691,0,0.013032327,0.014816773,0.012897493,0.014111597,0.013657834,0,0.012400277,0.014844947,0.013925897,0,0.013754484,0.013192587,0,0.008215277,0.014904718,0.014147695,0,0,0.013910642,0.014776835,0.013304514,,,,,,,,,,,,,,,,,,,,,,,,,,,,,,,,,,,,,,,,,,,,,,,,,,,,,,,,,,,,,,,,,,,,,,,,,,,,,,,,,,,,,,,,,,,,,,,,,,,,,,,,,,,,,,,,,,,,,,,,,,,,,,,,,,,,,,,,,,,,,,,,,,,,,,,,,,,,,,,,,,,,,,,,,,,,,,,,,,,,,,,,,,,,,,,,,,,,,,,,,,,,,,,,,,,,,,,,,,,,,,,,,,,,,,,,,,,,,,,,,,,,,,,,,,,,,,,,,,,,,,,,,,,,,,,,,,,,,,,,,,,,,,,,,,,,,,,,,,,,,,,,,,,,,,,,,,,,,,,,,,,,,,,,,,,,,,,
AFFWILD Face+Body+Text (IEMOCAP),Random Forest,0.014146678,0,0,0.000271834,0,0.017491014,0.019172808,0,0,0,0.016809684,0.01897918,0.021782195,0.01842959,0,0.000259812,0.017684007,1.15E-05,0.018267381,0,0.02378154,0.022248775,0.017584426,0.006594841,0.025181656,0,0.017598042,0.019248053,0.019803169,0,0.011009094,0.02009462,0,0,0.017353605,0,0,0.006289235,0,0,0,0,0,0.017329702,0.001563249,0.031072606,0.031344339,0.029676892,0.02699677,0.031133951,0.031537271,0.031760283,0.032179887,0.03219384,0.029964177,0.009603632,0,0.000115657,0,0.000232077,0.000204368,0,0,0.000113237,0.000422652,0,0,0,0,2.97E-05,0.000432222,0.000532208,0.000137457,0,7.86E-06,0,0.00037929,4.72E-05,0,0.007996297,0,0,0.000771213,0,0.000252655,0.009956039,0.000169326,0,0,0,0,0,0.000215164,0.000500126,0,0.0001878,0,0.003117752,0,0,0,0,0,0,0,0.001276724,3.39E-05,0.003548812,0.002188543,0,0.000131497,0,0.008981832,0,0.00031811,0,0,0,0,0,0,0,8.22E-05,0,0.004753892,0,0,3.77E-05,0.000185929,0.006382111,0,0,0,0,0.000424882,0,0,0.004229053,0,0,0,6.52E-05,0,0,0.000172909,0,0,0,0,0,0.000379539,0.001840914,0.010268054,0,0,0.000807396,0,0.000128655,0,0,0,0.000179359,0,0,0.000262501,0,0,0,4.48E-05,0,2.89E-05,0,0,0,0.000356266,0.000143195,0.000107682,0.000231282,0.000189251,0,0.003758497,0.000209485,0,0.000389865,0.006700456,0,0.000139417,0,0,0.000768313,0,0.000491018,0,0.002394441,0,0,0,0.000923206,0.000188619,0,0.000691802,0,0,0.000733467,5.31E-05,0.000162334,0.000535465,0,0.011121876,0.000106992,0,0,0,0.011271583,0,0.000271433,0,0.000359398,4.08E-05,0,0,0,0,0.00373105,0,0.005362894,0.006310166,3.46E-05,0,8.52E-06,0,0,0.000847512,0,4.05E-05,0.00452598,0.000153247,0,1.31E-05,0,0,0.003121965,0.001285871,0,0.000294702,0.000434357,0.001024933,0,0,0.000211288,0,0,7.55E-05,0,0,0,0,0.000298415,0.000856434,0.00011987,0,0,1.78E-05,0.00119916,0.001077588,0,4.56E-05,0.0003797,0,0.004465915,0,0.001047095,0,0.000169674,0,0,0.000161266,0,0.000907535,0,0.002416529,0,0.001362095,0,0,0,0,0.009563757,0.000124108,0.003562136,0.000567359,0.000190271,0.000266588,0,0,0,0.000247183,0.00396767,0,0.000160742,0.001942042,0,0.011181118,0,0,0.000197652,1.39E-05,0,0,0,0.001192715,0,0.000111163,0,0,0.001643772,0.003289856,0.001643581,4.25E-05,0,0,0,0.000237495,0,0.00020961,0.011815232,0.000126245,0.013317349,0.000420118,6.70E-05,0.00019272,0.001167439,0.00019342,0.001376955,0.002000184,0,0.002395174,0,0.001687882,0.001153579,0.008729949,0.002585419,0,0,0,0.00031435,0,0,0,0.007868701,0,0.013683999,0,0.000181382,0,0,0,0,0.001493789,0,0.000124127,0.003755869,0.000123306,0,3.68E-05,0,0,0,0,0,0,0.001734348,0,0.012838366,0.000579458,0,0,0.000123971,0.00023346,0.000864109,0.000179226,0,0,0,0.00491763,0,0,0,0,0,,,,,,,,,,,,,,,,,,,,,,,
AFFWILD Face+OriginalGaze+Audio (IEMOCAP),Random Forest,0.020868041,0,0,0.000279156,0,0.026138825,0.027696881,0,0,0,0.028084457,0.0283011,0.031522826,0.026163307,0,0.000126491,0.024494892,1.50E-05,0.026027512,0,0.035393983,0.035492401,0.023913306,0.007852753,0.037295679,0,0.026011649,0.028561153,0.030473301,0,0.014421851,0.028960982,0,0,0.024166919,0,0,0.007677841,0,0,0,0,0,0.025192934,0.001950764,0.044822001,0.043203024,0.021158689,0.023047154,0.021089032,0.02273998,0.021988693,0,0.020569627,0.023097452,0.021995126,0,0.022004343,0.021379952,0,0.013558788,0.022868405,0.022447163,0,0,0.022144759,0.023292371,0.021509458,,,,,,,,,,,,,,,,,,,,,,,,,,,,,,,,,,,,,,,,,,,,,,,,,,,,,,,,,,,,,,,,,,,,,,,,,,,,,,,,,,,,,,,,,,,,,,,,,,,,,,,,,,,,,,,,,,,,,,,,,,,,,,,,,,,,,,,,,,,,,,,,,,,,,,,,,,,,,,,,,,,,,,,,,,,,,,,,,,,,,,,,,,,,,,,,,,,,,,,,,,,,,,,,,,,,,,,,,,,,,,,,,,,,,,,,,,,,,,,,,,,,,,,,,,,,,,,,,,,,,,,,,,,,,,,,,,,,,,,,,,,,,,,,,,,,,,,,,,,,,,,,,,,,,,,,,,,,,,,,,,,,,,,,,,,,,,,,,,,,,,,,,
AFFWILD Face+OriginalGaze+Text (IEMOCAP),Random Forest,0.022892307,0,0,0.000475902,0,0.027964368,0.030244826,0,0,0,0.027820286,0.029929781,0.03361863,0.028771564,0,0.000160325,0.027532116,2.63E-05,0.028769591,0,0.036991582,0.034934765,0.02749905,0.009550361,0.03912156,0,0.028380322,0.030563595,0.03181902,0,0.01742018,0.031615303,0,0,0.027251225,0,0,0.00995188,0,0,0,0,0,0.028406209,0.002631282,0.064782077,0.062714291,3.35E-05,0,0.000149332,0.000158066,0,0,6.30E-05,0.00026473,0,0,0,0,1.90E-05,0.000229199,0.000355964,5.92E-05,0,1.00E-05,0,0.000267868,2.81E-05,0,0.007586968,0,0,0.000558426,0,0.000158459,0.009000014,0.000142121,0,0,0,0,0,0.000153508,0.000363639,0,0.000113624,0,0.002524623,0,0,0,0,0,0,0,0.000939083,2.07E-05,0.003016308,0.002000871,0,5.75E-05,0,0.008372146,0,0.000227899,0,0,0,0,0,0,0,4.91E-05,0,0.004634347,0,0,1.38E-05,0.000147163,0.005330012,0,0,0,0,0.000353837,0,0,0.003939894,0,0,0,4.08E-05,0,0,0.000129865,0,0,0,0,0,0.00026529,0.001448651,0.00947965,0,0,0.000589206,0,5.67E-05,0,0,0,8.31E-05,0,0,0.000210574,0,0,0,2.42E-05,0,1.44E-05,0,0,0,0.000215486,7.23E-05,5.35E-05,0.000167551,0.000168057,0,0.003415028,0.000144147,0,0.000343064,0.005908035,0,7.90E-05,0,0,0.000666207,0,0.000406113,0,0.001939942,0,0,0,0.000674584,8.31E-05,0,0.000579472,0,0,0.000555693,3.88E-05,8.88E-05,0.00036799,0,0.010452944,7.54E-05,0,0,0,0.010198928,0,0.000208176,0,0.000270194,3.43E-05,0,0,0,0,0.003297879,0,0.004511748,0.005832913,2.59E-05,0,1.19E-05,0,0,0.000601072,0,4.44E-05,0.004326387,0.000106448,0,9.58E-06,0,0,0.002565492,0.001000242,0,0.00026304,0.000325671,0.000926991,0,0,0.000130523,0,0,2.75E-05,0,0,0,0,0.000280841,0.00058958,7.86E-05,0,0,9.22E-06,0.000884745,0.000776165,0,2.68E-05,0.000247638,0,0.003849007,0,0.000931286,0,0.000123598,0,0,0.000131904,0,0.000646969,0,0.002001179,0,0.0011067,0,0,0,0,0.008716521,7.54E-05,0.003507785,0.000368037,0.000148637,0.000160522,0,0,0,0.000174261,0.003640586,0,9.60E-05,0.001449942,0,0.010270137,0,0,0.000155179,1.15E-05,0,0,0,0.000937016,0,6.13E-05,0,0,0.00126867,0.00289605,0.00147302,1.58E-05,0,0,0,0.000214603,0,0.000135935,0.010722138,7.26E-05,0.01241461,0.00031926,1.85E-05,0.000140584,0.000860952,0.000157535,0.001194872,0.001546075,0,0.002034976,0,0.001423112,0.000988078,0.007785134,0.002323172,0,0,0,0.000226217,0,0,0,0.007102648,0,0.012909033,0,0.000130586,0,0,0,0,0.001159316,0,5.85E-05,0.003151199,9.33E-05,0,1.24E-05,0,0,0,0,0,0,0.001336389,0,0.01201721,0.000535195,0,0,8.75E-05,0.000158745,0.000640816,0.00012648,0,0,0,0.00405403,0,0,0,0,0,,,,,,,,,,,,,,,,,,,,,,,,,,,,,,,,,
AFFWILD Face+Audio+Text (IEMOCAP),Random Forest,0.020462752,0,0,0.000455453,0,0.025591052,0.027542092,0,0,0,0.025217379,0.027011609,0.03091166,0.025928602,0,0.000157712,0.024793867,2.11E-05,0.026031558,0,0.03363041,0.032443987,0.024860256,0.009027104,0.036170386,0,0.025917718,0.027651849,0.028972847,0,0.015953934,0.02900442,0,0,0.024628166,0,0,0.009162078,0,0,0,0,0,0.025326843,0.002325661,0.012641971,0.013578997,0.012794038,0.012839348,0.012940111,0,0.012345377,0.013148142,0.012927192,0,0.01330194,0.012497657,0,0.008529355,0.013652415,0.013121551,0,0,0.012915301,0.012828974,0.012657314,7.31E-05,0,0.000137873,0.000121805,0,0,8.88E-05,0.000289527,0,0,0,0,1.24E-05,0.000266637,0.000313739,5.14E-05,0,8.19E-06,0,0.000245128,2.48E-05,0,0.006880009,0,0,0.000564865,0,0.000165791,0.008379434,0.000138548,0,0,0,0,0,0.000161175,0.000306796,0,0.000102599,0,0.002381832,0,0,0,0,0,0,0,0.000884215,1.19E-05,0.002816224,0.001773299,0,6.70E-05,0,0.007745198,0,0.000183391,0,0,0,0,0,0,0,4.56E-05,0,0.004240767,0,0,1.28E-05,0.000165393,0.00493283,0,0,0,0,0.000305822,0,0,0.003521701,0,0,0,4.84E-05,0,0,0.00012147,0,0,0,0,0,0.000241146,0.001356712,0.008560997,0,0,0.000514079,0,4.40E-05,0,0,0,8.64E-05,0,0,0.000196455,0,0,0,2.80E-05,0,8.07E-06,0,0,0,0.000234518,0.000100813,3.92E-05,0.000142202,0.000135672,0,0.002976583,0.000133944,0,0.000345206,0.005511853,0,9.72E-05,0,0,0.000590147,0,0.000363996,0,0.001861674,0,0,0,0.000657761,8.48E-05,0,0.000554897,0,0,0.000491114,3.04E-05,0.000108691,0.000294472,0,0.009389506,5.71E-05,0,0,0,0.00940611,0,0.000177182,0,0.000258007,2.68E-05,0,0,0,0,0.003107987,0,0.004201174,0.005534552,2.79E-05,0,9.04E-06,0,0,0.000580979,0,5.23E-05,0.003928477,9.95E-05,0,1.37E-05,0,0,0.002402094,0.001021642,0,0.000221271,0.00027367,0.000852089,0,0,0.000121913,0,0,5.16E-05,0,0,0,0,0.000231089,0.000546431,9.62E-05,0,0,7.75E-06,0.000877548,0.000776005,0,2.05E-05,0.000266775,0,0.003454344,0,0.000851232,0,9.21E-05,0,0,7.84E-05,0,0.000619865,0,0.001805394,0,0.001025665,0,0,0,0,0.008033643,6.72E-05,0.003122297,0.000332668,0.000128979,0.00016781,0,0,0,0.000157119,0.003396146,0,6.33E-05,0.001326155,0,0.009560725,0,0,0.000119117,1.07E-05,0,0,0,0.000963936,0,6.07E-05,0,0,0.001192631,0.002634156,0.001411147,2.65E-05,0,0,0,0.000182613,0,0.000137938,0.009854465,5.85E-05,0.011339249,0.000334844,2.94E-05,0.000152402,0.000821967,0.000151117,0.001155499,0.001423137,0,0.001815014,0,0.001290109,0.000989028,0.00714938,0.002130943,0,0,0,0.000240926,0,0,0,0.006452946,0,0.011753963,0,0.000121878,0,0,0,0,0.001189416,0,6.17E-05,0.003058894,8.93E-05,0,1.22E-05,0,0,0,0,0,0,0.001243163,0,0.010918922,0.00047379,0,0,7.66E-05,0.000152741,0.000576393,0.000104575,0,0,0,0.003816564,0,0,0,0,0,,,,,,,,,,,,,,
AFFWILD Body+OriginalGaze+Audio (IEMOCAP),Random Forest,0.060336475,0.0611659,0.052793576,0.050370558,0.058967654,0.064017675,0.05897512,0.064500999,0.061046714,0.054961819,0.018209168,0,0.036645302,0.034165826,0.019703817,0.02243601,0.019653164,0.021314882,0.020451136,0,0.019041998,0.021846689,0.020653034,0,0.020980899,0.019814066,0,0.01239052,0.021720822,0.021312431,0,0,0.020808521,0.021784579,0.019930646,,,,,,,,,,,,,,,,,,,,,,,,,,,,,,,,,,,,,,,,,,,,,,,,,,,,,,,,,,,,,,,,,,,,,,,,,,,,,,,,,,,,,,,,,,,,,,,,,,,,,,,,,,,,,,,,,,,,,,,,,,,,,,,,,,,,,,,,,,,,,,,,,,,,,,,,,,,,,,,,,,,,,,,,,,,,,,,,,,,,,,,,,,,,,,,,,,,,,,,,,,,,,,,,,,,,,,,,,,,,,,,,,,,,,,,,,,,,,,,,,,,,,,,,,,,,,,,,,,,,,,,,,,,,,,,,,,,,,,,,,,,,,,,,,,,,,,,,,,,,,,,,,,,,,,,,,,,,,,,,,,,,,,,,,,,,,,,,,,,,,,,,,,,,,,,,,,,,,,,,,,,,,,,,,,,,,,,,,,
AFFWILD Body+OriginalGaze+Text (IEMOCAP),Random Forest,0.067423065,0.069102412,0.061110525,0.058172143,0.068634851,0.070687578,0.067467467,0.070639051,0.069775173,0.062203669,0.021122977,0,0.051794017,0.049642191,5.18E-05,0,0.000102585,0.000110835,0,0,3.95E-05,0.000178934,0,0,0,0,1.45E-05,0.000151831,0.000369068,4.26E-05,0,3.26E-06,0,0.000180565,1.05E-05,0,0.006453815,0,0,0.000383247,0,0.000118024,0.007618907,0.000116908,0,0,0,0,0,0.00013629,0.000239972,0,5.78E-05,0,0.001954562,0,0,0,0,0,0,0,0.000728244,2.07E-05,0.002550582,0.001709849,0,3.97E-05,0,0.00730829,0,0.000150646,0,0,0,0,0,0,0,4.91E-05,0,0.004047268,0,0,4.35E-06,0.000119594,0.004272386,0,0,0,0,0.000277791,0,0,0.003489973,0,0,0,1.38E-05,0,0,9.24E-05,0,0,0,0,0,0.000221645,0.00105282,0.007932471,0,0,0.000334756,0,4.46E-05,0,0,0,6.94E-05,0,0,0.000172318,0,0,0,2.06E-05,0,4.42E-06,0,0,0,0.000156242,9.35E-05,2.46E-05,0.000107088,0.00010272,0,0.002932236,0.0001073,0,0.000255071,0.005004831,0,4.35E-05,0,0,0.000571744,0,0.000322964,0,0.001592128,0,0,0,0.000472036,5.42E-05,0,0.000435804,0,0,0.000388085,1.85E-05,5.90E-05,0.000219955,0,0.008846885,3.13E-05,0,0,0,0.008548832,0,0.000120753,0,0.000179137,1.36E-05,0,0,0,0,0.00248856,0,0.003647439,0.004849137,1.48E-05,0,1.56E-05,0,0,0.000403383,0,1.58E-05,0.003796908,7.59E-05,0,1.02E-05,0,0,0.001906875,0.000639785,0,0.000169664,0.00025755,0.000739333,0,0,0.000101794,0,0,2.73E-05,0,0,0,0,0.000267638,0.000468307,2.67E-05,0,0,6.14E-06,0.000679229,0.000561416,0,2.09E-05,0.000139716,0,0.003157379,0,0.000772077,0,5.19E-05,0,0,5.78E-05,0,0.000466589,0,0.00158314,0,0.000722247,0,0,0,0,0.007572738,4.79E-05,0.00306404,0.000218103,8.24E-05,9.11E-05,0,0,0,9.33E-05,0.003187847,0,3.10E-05,0.000939512,0,0.008731616,0,0,9.95E-05,1.42E-05,0,0,0,0.00062535,0,2.51E-05,0,0,0.000953333,0.002367549,0.001173469,1.99E-05,0,0,0,0.000193658,0,0.000122526,0.008920674,4.33E-05,0.010651021,0.00026372,1.40E-05,0.000111899,0.000654815,8.77E-05,0.000967915,0.001008369,0,0.001505475,0,0.001057749,0.000844341,0.006373752,0.001916834,0,0,0,0.000136208,0,0,0,0.006094208,0,0.010955091,0,9.31E-05,0,0,0,0,0.000869568,0,3.03E-05,0.002409025,4.62E-05,0,1.89E-05,0,0,0,0,0,0,0.000944364,0,0.010352457,0.000456245,0,0,5.54E-05,9.90E-05,0.000445823,7.16E-05,0,0,0,0.003165332,0,0,0,0,0,,,,,,,,,,,,,,,,,,,,,,,,,,,,,,,,,,,,,,,,,,,,,,,,,,,,,,,,,,,,,,,,,,
AFFWILD Body+Audio+Text (IEMOCAP),Random Forest,0.058897698,0.059539345,0.053435323,0.050316537,0.059431335,0.061814046,0.058825762,0.06173542,0.060887014,0.05415352,0.018517862,0,0.013794444,0.014784324,0.013960391,0.013899534,0.014206594,0,0.013537021,0.01425962,0.014037056,0,0.014548182,0.013633355,0,0.009329594,0.014696582,0.014253217,0,0,0.013980351,0.013822611,0.013811112,3.70E-05,0,8.97E-05,0.000103435,0,0,6.28E-05,0.000163875,0,0,0,0,7.21E-06,0.000110097,0.000275386,3.81E-05,0,2.76E-06,0,0.000145667,2.26E-05,0,0.005568175,0,0,0.000387474,0,0.000113968,0.006388464,9.08E-05,0,0,0,0,0,8.00E-05,0.000195542,0,8.13E-05,0,0.001661883,0,0,0,0,0,0,0,0.000624605,9.79E-06,0.002232043,0.001476849,0,2.03E-05,0,0.006109105,0,0.000115357,0,0,0,0,0,0,0,5.54E-05,0,0.003289252,0,0,9.49E-06,0.000108116,0.003779592,0,0,0,0,0.000185839,0,0,0.002897886,0,0,0,1.75E-05,0,0,0.000113609,0,0,0,0,0,0.000161189,0.000896744,0.006642051,0,0,0.000345404,0,5.23E-05,0,0,0,5.70E-05,0,0,0.000154012,0,0,0,6.77E-06,0,1.60E-05,0,0,0,0.000159867,0.000123999,2.35E-05,9.33E-05,7.99E-05,0,0.002380493,0.000101297,0,0.000228427,0.004464426,0,6.98E-05,0,0,0.000465615,0,0.000276739,0,0.001264631,0,0,0,0.000471692,4.39E-05,0,0.00039529,0,0,0.000318747,2.29E-05,6.00E-05,0.000215244,0,0.007450919,7.10E-05,0,0,0,0.007268021,0,0.000103954,0,0.000160168,2.12E-05,0,0,0,0,0.002097349,0,0.003109554,0.004298854,2.14E-05,0,1.35E-05,0,0,0.000428233,0,1.15E-05,0.003006139,8.23E-05,0,9.61E-06,0,0,0.001733623,0.000541419,0,0.000145896,0.000181474,0.000709607,0,0,6.35E-05,0,0,3.68E-05,0,0,0,0,0.000209922,0.000357975,6.21E-05,0,0,2.37E-06,0.000634825,0.000482195,0,9.96E-06,0.000198481,0,0.002663413,0,0.000671622,0,4.14E-05,0,0,4.39E-05,0,0.000428884,0,0.001351716,0,0.000678629,0,0,0,0,0.006419234,3.74E-05,0.002493064,0.000184461,7.64E-05,6.83E-05,0,0,0,8.81E-05,0.00276483,0,3.77E-05,0.000935991,0,0.007296936,0,0,9.19E-05,9.75E-06,0,0,0,0.000540807,0,4.03E-05,0,0,0.000879572,0.002054006,0.001077328,1.71E-05,0,0,0,0.000158727,0,8.69E-05,0.007907827,3.02E-05,0.008996307,0.00024812,2.92E-05,0.000100617,0.000538995,0.000115961,0.000833496,0.001042448,0,0.00135095,0,0.00094395,0.000694383,0.005571283,0.001662412,0,0,0,0.00018373,0,0,0,0.00505606,0,0.009244309,0,9.06E-05,0,0,0,0,0.000788366,0,6.55E-05,0.002061,5.93E-05,0,4.36E-06,0,0,0,0,0,0,0.00078518,0,0.008760627,0.000362662,0,0,5.83E-05,8.14E-05,0.000403358,7.46E-05,0,0,0,0.002722292,0,0,0,0,0,,,,,,,,,,,,,,,,,,,,,,,,,,,,,,,,,,,,,,,,,,,,,,,
AFFWILD OriginalGaze+Audio+Text (IEMOCAP),Random Forest,0.398761643,0.400043663,0.010324866,0.010529154,0.010497752,0.010231244,0.010408553,0,0.010246985,0.010423346,0.0104382,0,0.010488215,0.010383736,0,0.007077249,0.010422456,0.010440175,0,0,0.010240586,0.010367948,0.010266204,3.41E-05,0,5.31E-05,5.09E-05,0,0,2.33E-05,3.13E-05,0,0,0,0,5.27E-06,2.59E-05,9.28E-05,1.03E-05,0,5.84E-06,0,0.000107244,6.04E-06,0,0.001140214,0,0,0.000120392,0,2.67E-05,0.001284282,1.01E-05,0,0,0,0,0,7.27E-05,9.33E-05,0,3.79E-06,0,0.000535989,0,0,0,0,0,0,0,0.000158684,2.15E-06,0.000301452,0.000228778,0,5.44E-06,0,0.001236293,0,2.13E-05,0,0,0,0,0,0,0,1.60E-05,0,0.000631979,0,0,1.52E-06,4.23E-05,0.000811921,0,0,0,0,0.000115366,0,0,0.000562721,0,0,0,8.81E-06,0,0,0.000118589,0,0,0,0,0,4.09E-05,0.000185286,0.00142428,0,0,0.000103048,0,5.79E-06,0,0,0,2.68E-05,0,0,2.43E-05,0,0,0,1.74E-05,0,1.09E-06,0,0,0,1.46E-05,8.50E-05,1.07E-05,4.69E-05,2.52E-05,0,0.000423251,3.93E-05,0,7.59E-05,0.000917663,0,6.56E-05,0,0,8.04E-05,0,6.54E-05,0,0.000368729,0,0,0,0.000211612,2.54E-05,0,6.21E-05,0,0,6.33E-05,2.60E-05,2.12E-05,4.90E-05,0,0.001316228,5.58E-06,0,0,0,0.00117903,0,3.60E-05,0,4.16E-05,1.32E-05,0,0,0,0,0.000587194,0,0.000647337,0.001137957,1.08E-05,0,1.04E-05,0,0,9.25E-05,0,1.85E-05,0.000565293,3.54E-05,0,3.53E-06,0,0,0.0004518,0.000153863,0,3.50E-05,4.69E-05,0.00019442,0,0,4.21E-05,0,0,2.93E-06,0,0,0,0,4.44E-05,0.000146137,1.67E-05,0,0,5.78E-06,0.000161793,0.000192635,0,1.40E-05,0.000110894,0,0.000463691,0,0.000121072,0,9.31E-06,0,0,0.000105992,0,0.000140454,0,0.000428406,0,0.000261774,0,0,0,0,0.001274356,2.95E-06,0.000498748,3.84E-05,2.74E-05,2.29E-05,0,0,0,1.00E-05,0.000570994,0,2.49E-06,0.00031328,0,0.001298548,0,0,2.14E-05,2.93E-06,0,0,0,0.000178861,0,1.55E-05,0,0,0.000193976,0.000320013,0.000207864,5.84E-06,0,0,0,2.30E-05,0,2.10E-05,0.001447429,2.27E-05,0.001505456,0.000112771,3.17E-05,2.74E-05,0.000179278,1.39E-05,0.000119524,0.000240086,0,0.000282247,0,0.000241013,0.000137026,0.001073888,0.000212815,0,0,0,7.06E-05,0,0,0,0.00103908,0,0.001767188,0,9.59E-06,0,0,0,0,0.000229622,0,3.88E-05,0.000658293,1.09E-05,0,4.60E-06,0,0,0,0,0,0,0.000293423,0,0.001549715,3.52E-05,0,0,3.97E-05,1.33E-05,0.000110874,7.71E-06,0,0,0,0.000478426,0,0,0,0,0,,,,,,,,,,,,,,,,,,,,,,,,,,,,,,,,,,,,,,,,,,,,,,,,,,,,,,,,,
AFFWILD Face+Body+OriginalGaze+Audio (IEMOCAP),Random Forest,0.014050575,0,0,0.000191953,0,0.017734138,0.018856691,0,0,0,0.017976591,0.018735359,0.021659831,0.018272927,0,0.000114416,0.017045111,7.06E-06,0.017819724,0,0.024192302,0.023066613,0.016722341,0.005857643,0.026700392,0,0.017104257,0.018968514,0.019810557,0,0.010106779,0.020444131,0,0,0.016614249,0,0,0.005261613,0,0,0,0,0,0.016870346,0.001356865,0.036501208,0.036713193,0.033968142,0.029716773,0.035741691,0.036340407,0.036484818,0.037165948,0.036158176,0.034065017,0.011048932,0,0.022743412,0.022468037,0.012395978,0.014053092,0.012254857,0.013427485,0.01297971,0,0.01188811,0.014086964,0.013267662,0,0.013102878,0.012514584,0,0.007820709,0.014251674,0.01346387,0,0,0.013237613,0.013994763,0.012603322,,,,,,,,,,,,,,,,,,,,,,,,,,,,,,,,,,,,,,,,,,,,,,,,,,,,,,,,,,,,,,,,,,,,,,,,,,,,,,,,,,,,,,,,,,,,,,,,,,,,,,,,,,,,,,,,,,,,,,,,,,,,,,,,,,,,,,,,,,,,,,,,,,,,,,,,,,,,,,,,,,,,,,,,,,,,,,,,,,,,,,,,,,,,,,,,,,,,,,,,,,,,,,,,,,,,,,,,,,,,,,,,,,,,,,,,,,,,,,,,,,,,,,,,,,,,,,,,,,,,,,,,,,,,,,,,,,,,,,,,,,,,,,,,,,,,,,,,,,,,,,,,,,,,,,,,,,,,,,,,,,,,,,,,,,,,,
AFFWILD Face+Body+OriginalGaze+Text (IEMOCAP),Random Forest,0.013745255,0,0,0.000262927,0,0.016715073,0.018320394,0,0,0,0.016062044,0.01807039,0.020590364,0.017522692,0,0.000221931,0.016712151,1.18E-05,0.017096985,0,0.022446421,0.021000411,0.016586649,0.00608727,0.024022571,0,0.016650792,0.018221983,0.018792443,0,0.010297708,0.019073962,0,0,0.016584412,0,0,0.005859687,0,0,0,0,0,0.016761256,0.00146829,0.02905914,0.029189217,0.027825377,0.025182669,0.029336031,0.029318803,0.029971497,0.029873053,0.030079847,0.027927496,0.009012064,0,0.019432262,0.019179787,0.000105183,0,0.00024873,0.000241603,0,0,0.000156887,0.000424291,0,0,0,0,3.68E-05,0.000440483,0.000549684,0.000125463,0,1.35E-05,0,0.000386098,3.48E-05,0,0.007975282,0,0,0.000805612,0,0.000283476,0.009978169,0.000182955,0,0,0,0,0,0.000231694,0.000512173,0,0.000197844,0,0.003314347,0,0,0,0,0,0,0,0.001330375,2.60E-05,0.003548071,0.002175761,0,0.00016716,0,0.008951221,0,0.000332865,0,0,0,0,0,0,0,7.28E-05,0,0.004590271,0,0,4.21E-05,0.000213622,0.006406042,0,0,0,0,0.000436751,0,0,0.004073025,0,0,0,7.49E-05,0,0,0.000187082,0,0,0,0,0,0.000409043,0.001919359,0.010227647,0,0,0.000805,0,0.000116354,0,0,0,0.000198716,0,0,0.00025327,0,0,0,6.06E-05,0,3.13E-05,0,0,0,0.000394408,0.000147142,0.000109274,0.000241209,0.000216604,0,0.003589244,0.00027281,0,0.000412032,0.006736316,0,0.000152602,0,0,0.000748349,0,0.000537004,0,0.002507699,0,0,0,0.000945104,0.000157236,0,0.000714933,0,0,0.000751964,6.23E-05,0.000152031,0.000498432,0,0.011144396,0.000115841,0,0,0,0.011398499,0,0.000288706,0,0.000400223,5.47E-05,0,0,0,0,0.003777299,0,0.005446216,0.00629707,4.02E-05,0,9.80E-06,0,0,0.00087135,0,6.54E-05,0.004446221,0.000171385,0,1.47E-05,0,0,0.003162843,0.001451108,0,0.000358343,0.000447614,0.00110841,0,0,0.000237124,0,0,7.20E-05,0,0,0,0,0.000306953,0.000883291,0.000118818,0,0,1.82E-05,0.001315471,0.001062551,0,5.91E-05,0.000414832,0,0.00460964,0,0.001056286,0,0.000208204,0,0,0.000174543,0,0.000933568,0,0.002453951,0,0.001403896,0,0,0,0,0.009467875,0.000150326,0.003549083,0.000684309,0.000213856,0.000263499,0,0,0,0.000244702,0.004063273,0,0.000148077,0.001971311,0,0.011012099,0,0,0.000206321,1.18E-05,0,0,0,0.001241561,0,0.000120531,0,0,0.00174265,0.003302242,0.001704043,5.55E-05,0,0,0,0.000238011,0,0.000247508,0.011601577,0.000129258,0.013238332,0.000393336,5.17E-05,0.000205248,0.001149865,0.000188127,0.001409435,0.00200434,0,0.002351905,0,0.001739945,0.001159122,0.008837601,0.002640141,0,0,0,0.000369851,0,0,0,0.007812812,0,0.013548483,0,0.000216051,0,0,0,0,0.001656741,0,0.000115702,0.003745419,0.000145178,0,3.60E-05,0,0,0,0,0,0,0.001777786,0,0.012613452,0.000534164,0,0,0.000138686,0.000250753,0.000877584,0.000187892,0,0,0,0.005021841,0,0,0,0,0,,,,,,,,,,,,,,,,,,,,,
AFFWILD Face+Body+Audio+Text (IEMOCAP),Random Forest,0.012162502,0,0,0.000243105,0,0.014833468,0.016379709,0,0,0,0.014355054,0.015961938,0.018915988,0.015532009,0,0.000219735,0.015028656,8.69E-06,0.015825703,0,0.020160401,0.019302983,0.014969705,0.005617923,0.022055547,0,0.015048015,0.016417692,0.016920694,0,0.009537036,0.017390292,0,0,0.014663728,0,0,0.005219421,0,0,0,0,0,0.014849759,0.001260403,0.026756929,0.026793845,0.025179708,0.022787424,0.027030264,0.026906993,0.027056023,0.027253176,0.027176235,0.02558502,0.008092542,0,0.007708958,0.008552943,0.007833655,0.007911095,0.008020809,0,0.007431005,0.008377497,0.008006755,0,0.008244276,0.007610326,0,0.004955183,0.008755301,0.008182331,0,0,0.007990904,0.00804756,0.007754423,8.49E-05,0,0.000213682,0.0002237,0,0,0.00010483,0.00039892,0,0,0,0,3.33E-05,0.000362481,0.000519657,0.000154775,0,1.05E-05,0,0.000347472,3.65E-05,0,0.007254808,0,0,0.000733562,0,0.000251672,0.009091606,0.000171477,0,0,0,0,0,0.000234163,0.000463298,0,0.000212917,0,0.003047896,0,0,0,0,0,0,0,0.001199642,3.21E-05,0.003235762,0.001978935,0,0.000116015,0,0.008016282,0,0.000370976,0,0,0,0,0,0,0,9.16E-05,0,0.00417441,0,0,3.21E-05,0.000216709,0.005908105,0,0,0,0,0.000427949,0,0,0.003695932,0,0,0,6.18E-05,0,0,0.000196245,0,0,0,0,0,0.000383025,0.001774028,0.009452528,0,0,0.00074345,0,9.31E-05,0,0,0,0.000165408,0,0,0.000244764,0,0,0,7.26E-05,0,3.73E-05,0,0,0,0.000336605,0.000118424,9.90E-05,0.000234593,0.000199756,0,0.003262324,0.000184539,0,0.000416199,0.00634907,0,0.000136134,0,0,0.00068453,0,0.000486658,0,0.002342561,0,0,0,0.000904751,0.000143023,0,0.000655011,0,0,0.000734618,6.58E-05,0.0001129,0.000473273,0,0.010169648,0.000109006,0,0,0,0.010434762,0,0.000275643,0,0.000358896,5.76E-05,0,0,0,0,0.003565077,0,0.00500653,0.005742281,3.02E-05,0,8.86E-06,0,0,0.000795172,0,3.96E-05,0.003994414,0.000130134,0,1.06E-05,0,0,0.002968323,0.00126529,0,0.000329864,0.000423333,0.000982723,0,0,0.000221015,0,0,6.12E-05,0,0,0,0,0.000255173,0.000845749,0.000154751,0,0,1.76E-05,0.00121653,0.001028913,0,6.26E-05,0.000344678,0,0.004201936,0,0.000907728,0,0.000178298,0,0,0.000159503,0,0.000880068,0,0.002327067,0,0.001359771,0,0,0,0,0.008718274,0.00014046,0.003165688,0.000588847,0.000184154,0.000246153,0,0,0,0.000232785,0.003632716,0,0.000147755,0.001754163,0,0.010117155,0,0,0.000200928,1.10E-05,0,0,0,0.001183023,0,0.000112905,0,0,0.001590778,0.003016457,0.00161825,4.23E-05,0,0,0,0.000210454,0,0.000200923,0.010652828,9.62E-05,0.012178222,0.000439847,3.58E-05,0.000170585,0.001124987,0.00020584,0.001291532,0.001856533,0,0.002321277,0,0.001588205,0.001052558,0.008096467,0.002349837,0,0,0,0.000353321,0,0,0,0.007056028,0,0.012476972,0,0.000190037,0,0,0,0,0.001442454,0,0.000109016,0.003542759,0.000128063,0,3.21E-05,0,0,0,0,0,0,0.001684358,0,0.011531302,0.000471754,0,0,0.000128845,0.000246429,0.000828983,0.000193229,0,0,0,0.004594012,0,0,0,0,0,,
AFFWILD Face+OriginalGaze+Audio+Text (IEMOCAP),Random Forest,0.01801071,0,0,0.000388934,0,0.022175831,0.024118087,0,0,0,0.022327215,0.02395338,0.027412922,0.023200117,0,0.00019201,0.022014178,1.58E-05,0.023064661,0,0.029829748,0.028968824,0.02195845,0.008060395,0.032577903,0,0.022759313,0.024321748,0.02562569,0,0.014273931,0.025601509,0,0,0.021728577,0,0,0.007925226,0,0,0,0,0,0.022553967,0.001981609,0.040844787,0.039633934,0.011998823,0.012831717,0.012087426,0.012238324,0.012322117,0,0.011666558,0.012541676,0.012208506,0,0.012690191,0.01180845,0,0.007983468,0.012968334,0.012504109,0,0,0.012303933,0.012220957,0.011964667,7.73E-05,0,0.000159973,0.000145479,0,0,5.90E-05,0.000246846,0,0,0,0,2.55E-05,0.000233919,0.000384934,6.10E-05,0,9.89E-06,0,0.000186236,2.41E-05,0,0.006841178,0,0,0.000553197,0,0.000144582,0.008095203,0.000142538,0,0,0,0,0,0.000152357,0.000323831,0,0.000118346,0,0.002353376,0,0,0,0,0,0,0,0.00089787,2.29E-05,0.002700861,0.001750822,0,6.73E-05,0,0.007420739,0,0.000236002,0,0,0,0,0,0,0,5.59E-05,0,0.004032714,0,0,1.22E-05,0.000167935,0.004941985,0,0,0,0,0.000321432,0,0,0.003393868,0,0,0,2.43E-05,0,0,0.000131724,0,0,0,0,0,0.000289797,0.001306095,0.00835941,0,0,0.000512062,0,4.76E-05,0,0,0,0.000129459,0,0,0.000192448,0,0,0,3.32E-05,0,1.66E-05,0,0,0,0.000206514,9.36E-05,4.26E-05,0.000134143,0.000121522,0,0.00292972,0.0001585,0,0.000343491,0.005349443,0,8.25E-05,0,0,0.000535251,0,0.000384535,0,0.001793373,0,0,0,0.000700208,7.57E-05,0,0.000555783,0,0,0.000497115,1.90E-05,0.000102092,0.000328695,0,0.009194365,7.11E-05,0,0,0,0.009111741,0,0.000183642,0,0.000278219,3.36E-05,0,0,0,0,0.002912997,0,0.00410183,0.005281771,1.90E-05,0,8.97E-06,0,0,0.000583639,0,2.96E-05,0.003777469,0.000137271,0,1.02E-05,0,0,0.0023358,0.000956895,0,0.000230893,0.000290485,0.000860332,0,0,0.000143012,0,0,4.91E-05,0,0,0,0,0.000216044,0.000550518,5.97E-05,0,0,1.61E-05,0.000883867,0.000754511,0,2.33E-05,0.000183913,0,0.003459624,0,0.000791428,0,9.92E-05,0,0,9.38E-05,0,0.000607139,0,0.001809639,0,0.001031875,0,0,0,0,0.007760501,9.35E-05,0.002974218,0.000370995,0.000156789,0.000156542,0,0,0,0.000139574,0.003302275,0,6.92E-05,0.001345241,0,0.009156472,0,0,0.000156708,7.51E-06,0,0,0,0.000898596,0,5.68E-05,0,0,0.001157339,0.002607471,0.001361041,2.78E-05,0,0,0,0.000168873,0,0.000139996,0.009610526,6.39E-05,0.011129311,0.000327426,3.74E-05,0.000140696,0.000854121,0.000123804,0.001059077,0.001395982,0,0.001791739,0,0.001265299,0.000938589,0.007011124,0.002050007,0,0,0,0.000259212,0,0,0,0.006391213,0,0.011298915,0,0.000134783,0,0,0,0,0.001127482,0,7.97E-05,0.002874976,7.55E-05,0,1.44E-05,0,0,0,0,0,0,0.001226898,0,0.010637565,0.000444373,0,0,8.33E-05,0.000142895,0.000556435,0.000148788,0,0,0,0.003698092,0,0,0,0,0,,,,,,,,,,,,
AFFWILD Body+OriginalGaze+Audio+Text (IEMOCAP),Random Forest,0.050631154,0.051943117,0.046048232,0.043822231,0.051655969,0.053431963,0.05116498,0.053887971,0.052968401,0.047135192,0.016300189,0,0.034889752,0.033770212,0.013530632,0.014421688,0.013726672,0.01368829,0.013812192,0,0.01333099,0.013998114,0.013759816,0,0.014248486,0.013408692,0,0.009146346,0.014408269,0.013965818,0,0,0.013682238,0.013617277,0.013545359,3.84E-05,0,0.00011624,8.90E-05,0,0,5.21E-05,0.000192565,0,0,0,0,3.16E-06,0.00016697,0.00024477,5.35E-05,0,5.81E-06,0,0.000171278,6.96E-06,0,0.005946024,0,0,0.000371693,0,0.000106944,0.006952241,0.000104238,0,0,0,0,0,0.000100794,0.000246894,0,8.40E-05,0,0.001884976,0,0,0,0,0,0,0,0.000743721,1.17E-05,0.002426756,0.001574838,0,2.79E-05,0,0.006615455,0,0.000154946,0,0,0,0,0,0,0,1.95E-05,0,0.003537154,0,0,2.86E-05,8.67E-05,0.004116161,0,0,0,0,0.000211283,0,0,0.003056512,0,0,0,1.94E-05,0,0,8.65E-05,0,0,0,0,0,0.000160533,0.000993705,0.007110966,0,0,0.000396232,0,4.00E-05,0,0,0,7.16E-05,0,0,0.000160043,0,0,0,2.26E-05,0,1.33E-05,0,0,0,0.000151584,0.000125115,2.31E-05,0.000141686,8.63E-05,0,0.002631862,0.000101977,0,0.00027241,0.004660279,0,5.06E-05,0,0,0.000502854,0,0.000296118,0,0.001433366,0,0,0,0.000481974,6.83E-05,0,0.000469567,0,0,0.000354959,3.43E-05,7.79E-05,0.000210451,0,0.008004184,3.52E-05,0,0,0,0.007838096,0,0.000127064,0,0.000171359,2.63E-05,0,0,0,0,0.002361662,0,0.003338179,0.004594073,2.71E-05,0,1.10E-05,0,0,0.000456117,0,1.79E-05,0.003366965,7.58E-05,0,1.00E-05,0,0,0.001873209,0.000666509,0,0.000171487,0.000244249,0.000701948,0,0,9.28E-05,0,0,1.25E-05,0,0,0,0,0.000200552,0.000401666,8.52E-05,0,0,4.31E-06,0.000700508,0.000553134,0,1.04E-05,0.000182495,0,0.002856653,0,0.000725264,0,4.82E-05,0,0,6.56E-05,0,0.000462706,0,0.00141484,0,0.000746269,0,0,0,0,0.006904806,4.59E-05,0.002711118,0.000223277,7.29E-05,8.91E-05,0,0,0,0.000119951,0.002857316,0,2.77E-05,0.000995602,0,0.007836515,0,0,0.000121368,6.43E-06,0,0,0,0.000662689,0,3.21E-05,0,0,0.000858005,0.002183884,0.001120128,1.38E-05,0,0,0,0.000167997,0,8.83E-05,0.008234245,6.21E-05,0.009657515,0.000301674,3.10E-05,0.000100171,0.000557924,0.000122209,0.000940592,0.001020152,0,0.001424223,0,0.001052436,0.000792225,0.0059561,0.001786393,0,0,0,0.000144459,0,0,0,0.005483254,0,0.009993731,0,8.48E-05,0,0,0,0,0.000869142,0,4.24E-05,0.002332469,5.85E-05,0,2.27E-05,0,0,0,0,0,0,0.000917126,0,0.009374718,0.000380369,0,0,9.32E-05,9.00E-05,0.000427825,7.29E-05,0,0,0,0.003013558,0,0,0,0,0,,,,,,,,,,,,,,,,,,,,,,,,,,,,,,,,,,,,,,,,,,,,,
AFFWILD Face+Body+OriginalGaze+Audio+Text (IEMOCAP),Random Forest,0.011821755,0,0,0.000231596,0,0.014427022,0.015709579,0,0,0,0.013881555,0.015734265,0.01809893,0.015262902,0,0.000272211,0.014512953,8.55E-06,0.015576983,0,0.019550291,0.018631401,0.014607633,0.005244718,0.021395804,0,0.014441372,0.016134379,0.016223024,0,0.009003852,0.016994298,0,0,0.014045368,0,0,0.004988148,0,0,0,0,0,0.014507292,0.001227554,0.02538754,0.025611396,0.024110304,0.021752965,0.025329885,0.025636227,0.026369027,0.026161637,0.026209869,0.024682347,0.007920642,0,0.015521338,0.015521238,0.00741793,0.008209886,0.00752759,0.007687188,0.007750554,0,0.007212196,0.008054062,0.00778394,0,0.007951856,0.00731619,0,0.004814086,0.008446133,0.007894231,0,0,0.007749091,0.007728326,0.007467536,8.40E-05,0,0.000233055,0.000192987,0,0,0.000114829,0.000408913,0,0,0,0,3.55E-05,0.000378261,0.000497063,0.00010302,0,1.21E-05,0,0.000341678,3.77E-05,0,0.00704529,0,0,0.000760536,0,0.000263295,0.008928661,0.000153107,0,0,0,0,0,0.000246151,0.000451102,0,0.000180037,0,0.003013005,0,0,0,0,0,0,0,0.001156737,2.93E-05,0.003146651,0.001986255,0,0.000162696,0,0.007967099,0,0.000308384,0,0,0,0,0,0,0,8.72E-05,0,0.004082811,0,0,2.93E-05,0.00022805,0.005776828,0,0,0,0,0.000410785,0,0,0.003563708,0,0,0,5.52E-05,0,0,0.000212543,0,0,0,0,0,0.000395344,0.001696832,0.009257534,0,0,0.000736909,0,8.45E-05,0,0,0,0.000205812,0,0,0.000237999,0,0,0,4.48E-05,0,3.44E-05,0,0,0,0.000370775,0.000179568,0.000122802,0.000231038,0.00020374,0,0.003196124,0.000216963,0,0.000371493,0.006105307,0,0.000124607,0,0,0.000643364,0,0.000511833,0,0.002266584,0,0,0,0.000890825,0.000169347,0,0.000669253,0,0,0.00066998,5.91E-05,0.000138621,0.000521626,0,0.009806205,0.000108557,0,0,0,0.010196593,0,0.000327398,0,0.000361512,6.35E-05,0,0,0,0,0.003507032,0,0.004925992,0.005589792,4.75E-05,0,8.59E-06,0,0,0.000800635,0,5.62E-05,0.003805042,0.000148746,0,1.13E-05,0,0,0.002805161,0.001383483,0,0.000305286,0.000421207,0.000985133,0,0,0.000238915,0,0,6.53E-05,0,0,0,0,0.000247136,0.00078311,0.00010555,0,0,2.25E-05,0.001167923,0.001015879,0,5.46E-05,0.000365017,0,0.004109268,0,0.000913143,0,0.000172209,0,0,0.000140476,0,0.0008266,0,0.002315733,0,0.001357502,0,0,0,0,0.00838491,0.000133018,0.003081729,0.000555606,0.00021511,0.000247176,0,0,0,0.000233579,0.00356278,0,0.000132675,0.001851999,0,0.009874728,0,0,0.000211057,1.16E-05,0,0,0,0.001121927,0,0.000124677,0,0,0.001574338,0.002944907,0.001628944,4.35E-05,0,0,0,0.000210447,0,0.000225299,0.010532386,0.000118974,0.011933907,0.000414392,8.20E-05,0.000177813,0.001149913,0.000200135,0.001262402,0.001886651,0,0.002262776,0,0.001597842,0.001098111,0.008021361,0.002316924,0,0,0,0.00038356,0,0,0,0.006961545,0,0.012147746,0,0.000200401,0,0,0,0,0.001417137,0,0.000113437,0.003473179,0.000114575,0,4.15E-05,0,0,0,0,0,0,0.001700789,0,0.011227961,0.000469402,0,0,0.00014573,0.00022395,0.000830705,0.000196605,0,0,0,0.004560805,0,0,0,0,0
,,,,,,,,,,,,,,,,,,,,,,,,,,,,,,,,,,,,,,,,,,,,,,,,,,,,,,,,,,,,,,,,,,,,,,,,,,,,,,,,,,,,,,,,,,,,,,,,,,,,,,,,,,,,,,,,,,,,,,,,,,,,,,,,,,,,,,,,,,,,,,,,,,,,,,,,,,,,,,,,,,,,,,,,,,,,,,,,,,,,,,,,,,,,,,,,,,,,,,,,,,,,,,,,,,,,,,,,,,,,,,,,,,,,,,,,,,,,,,,,,,,,,,,,,,,,,,,,,,,,,,,,,,,,,,,,,,,,,,,,,,,,,,,,,,,,,,,,,,,,,,,,,,,,,,,,,,,,,,,,,,,,,,,,,,,,,,,,,,,,,,,,,,,,,,,,,,,,,,,,,,,,,,,,,,,,,,,,,,,,,,,,,,,,,,,,,,,,,,,,,,,,,,,,,,,,,,
,,,,,,,,,,Face,Body,Gaze,Audio,Text,,,,,,,,,,,,,,,,,,,,,,,,,,,,,,,,,,,,,,,,,,,,,,,,,,,,,,,,,,,,,,,,,,,,,,,,,,,,,,,,,,,,,,,,,,,,,,,,,,,,,,,,,,,,,,,,,,,,,,,,,,,,,,,,,,,,,,,,,,,,,,,,,,,,,,,,,,,,,,,,,,,,,,,,,,,,,,,,,,,,,,,,,,,,,,,,,,,,,,,,,,,,,,,,,,,,,,,,,,,,,,,,,,,,,,,,,,,,,,,,,,,,,,,,,,,,,,,,,,,,,,,,,,,,,,,,,,,,,,,,,,,,,,,,,,,,,,,,,,,,,,,,,,,,,,,,,,,,,,,,,,,,,,,,,,,,,,,,,,,,,,,,,,,,,,,,,,,,,,,,,,,,,,,,,,,,,,,,,,,,,,,,,,,,,,,,,,,,,,,,
IEMOCAP Face (AFFWILD),1,,,,,1,,,IEMOCAP Face (AFFWILD),100%,0%,0%,0%,0%,100%,,,,,,,,,,,,,,,,,,,,,,,,,,,,,,,,,,,,,,,,,,,,,,,,,,,,,,,,,,,,,,,,,,,,,,,,,,,,,,,,,,,,,,,,,,,,,,,,,,,,,,,,,,,,,,,,,,,,,,,,,,,,,,,,,,,,,,,,,,,,,,,,,,,,,,,,,,,,,,,,,,,,,,,,,,,,,,,,,,,,,,,,,,,,,,,,,,,,,,,,,,,,,,,,,,,,,,,,,,,,,,,,,,,,,,,,,,,,,,,,,,,,,,,,,,,,,,,,,,,,,,,,,,,,,,,,,,,,,,,,,,,,,,,,,,,,,,,,,,,,,,,,,,,,,,,,,,,,,,,,,,,,,,,,,,,,,,,,,,,,,,,,,,,,,,,,,,,,,,,,,,,,,,,,,,,,,,,,,,,,,,,,,,,,,,,,,,,,,,,
IEMOCAP Body (AFFWILD),1,,,,,1,,,IEMOCAP Body (AFFWILD),0%,100%,0%,0%,0%,100%,,,,,,,,,,,,,,,,,,,,,,,,,,,,,,,,,,,,,,,,,,,,,,,,,,,,,,,,,,,,,,,,,,,,,,,,,,,,,,,,,,,,,,,,,,,,,,,,,,,,,,,,,,,,,,,,,,,,,,,,,,,,,,,,,,,,,,,,,,,,,,,,,,,,,,,,,,,,,,,,,,,,,,,,,,,,,,,,,,,,,,,,,,,,,,,,,,,,,,,,,,,,,,,,,,,,,,,,,,,,,,,,,,,,,,,,,,,,,,,,,,,,,,,,,,,,,,,,,,,,,,,,,,,,,,,,,,,,,,,,,,,,,,,,,,,,,,,,,,,,,,,,,,,,,,,,,,,,,,,,,,,,,,,,,,,,,,,,,,,,,,,,,,,,,,,,,,,,,,,,,,,,,,,,,,,,,,,,,,,,,,,,,,,,,,,,,,,,,,,
Original Gaze (AFFWILD),1,,,,,1,,,Original Gaze (AFFWILD),0%,0%,100%,0%,0%,100%,,,,,,,,,,,,,,,,,,,,,,,,,,,,,,,,,,,,,,,,,,,,,,,,,,,,,,,,,,,,,,,,,,,,,,,,,,,,,,,,,,,,,,,,,,,,,,,,,,,,,,,,,,,,,,,,,,,,,,,,,,,,,,,,,,,,,,,,,,,,,,,,,,,,,,,,,,,,,,,,,,,,,,,,,,,,,,,,,,,,,,,,,,,,,,,,,,,,,,,,,,,,,,,,,,,,,,,,,,,,,,,,,,,,,,,,,,,,,,,,,,,,,,,,,,,,,,,,,,,,,,,,,,,,,,,,,,,,,,,,,,,,,,,,,,,,,,,,,,,,,,,,,,,,,,,,,,,,,,,,,,,,,,,,,,,,,,,,,,,,,,,,,,,,,,,,,,,,,,,,,,,,,,,,,,,,,,,,,,,,,,,,,,,,,,,,,,,,,,,
IEMOCAP Audio (AFFWILD),1,,,,,1,,,IEMOCAP Audio (AFFWILD),0%,0%,0%,100%,0%,100%,,,,,,,,,,,,,,,,,,,,,,,,,,,,,,,,,,,,,,,,,,,,,,,,,,,,,,,,,,,,,,,,,,,,,,,,,,,,,,,,,,,,,,,,,,,,,,,,,,,,,,,,,,,,,,,,,,,,,,,,,,,,,,,,,,,,,,,,,,,,,,,,,,,,,,,,,,,,,,,,,,,,,,,,,,,,,,,,,,,,,,,,,,,,,,,,,,,,,,,,,,,,,,,,,,,,,,,,,,,,,,,,,,,,,,,,,,,,,,,,,,,,,,,,,,,,,,,,,,,,,,,,,,,,,,,,,,,,,,,,,,,,,,,,,,,,,,,,,,,,,,,,,,,,,,,,,,,,,,,,,,,,,,,,,,,,,,,,,,,,,,,,,,,,,,,,,,,,,,,,,,,,,,,,,,,,,,,,,,,,,,,,,,,,,,,,,,,,,,,
IEMOCAP Text (AFFWILD),1,,,,,1,,,IEMOCAP Text (AFFWILD),0%,0%,0%,0%,100%,100%,,,,,,,,,,,,,,,,,,,,,,,,,,,,,,,,,,,,,,,,,,,,,,,,,,,,,,,,,,,,,,,,,,,,,,,,,,,,,,,,,,,,,,,,,,,,,,,,,,,,,,,,,,,,,,,,,,,,,,,,,,,,,,,,,,,,,,,,,,,,,,,,,,,,,,,,,,,,,,,,,,,,,,,,,,,,,,,,,,,,,,,,,,,,,,,,,,,,,,,,,,,,,,,,,,,,,,,,,,,,,,,,,,,,,,,,,,,,,,,,,,,,,,,,,,,,,,,,,,,,,,,,,,,,,,,,,,,,,,,,,,,,,,,,,,,,,,,,,,,,,,,,,,,,,,,,,,,,,,,,,,,,,,,,,,,,,,,,,,,,,,,,,,,,,,,,,,,,,,,,,,,,,,,,,,,,,,,,,,,,,,,,,,,,,,,,,,,,,,,
IEMOCAP Face+Body (AFFWILD),0.506859268,4.93E-01,,,,1,,,IEMOCAP Face+Body (AFFWILD),51%,49%,0%,0%,0%,100%,,,,,,,,,,,,,,,,,,,,,,,,,,,,,,,,,,,,,,,,,,,,,,,,,,,,,,,,,,,,,,,,,,,,,,,,,,,,,,,,,,,,,,,,,,,,,,,,,,,,,,,,,,,,,,,,,,,,,,,,,,,,,,,,,,,,,,,,,,,,,,,,,,,,,,,,,,,,,,,,,,,,,,,,,,,,,,,,,,,,,,,,,,,,,,,,,,,,,,,,,,,,,,,,,,,,,,,,,,,,,,,,,,,,,,,,,,,,,,,,,,,,,,,,,,,,,,,,,,,,,,,,,,,,,,,,,,,,,,,,,,,,,,,,,,,,,,,,,,,,,,,,,,,,,,,,,,,,,,,,,,,,,,,,,,,,,,,,,,,,,,,,,,,,,,,,,,,,,,,,,,,,,,,,,,,,,,,,,,,,,,,,,,,,,,,,,,,,,,,
IEMOCAP Face+OriginalGaze (AFFWILD),0.825770411,0.174229589,,,,1,,,IEMOCAP Face+OriginalGaze (AFFWILD),83%,0%,17%,0%,0%,100%,,,,,,,,,,,,,,,,,,,,,,,,,,,,,,,,,,,,,,,,,,,,,,,,,,,,,,,,,,,,,,,,,,,,,,,,,,,,,,,,,,,,,,,,,,,,,,,,,,,,,,,,,,,,,,,,,,,,,,,,,,,,,,,,,,,,,,,,,,,,,,,,,,,,,,,,,,,,,,,,,,,,,,,,,,,,,,,,,,,,,,,,,,,,,,,,,,,,,,,,,,,,,,,,,,,,,,,,,,,,,,,,,,,,,,,,,,,,,,,,,,,,,,,,,,,,,,,,,,,,,,,,,,,,,,,,,,,,,,,,,,,,,,,,,,,,,,,,,,,,,,,,,,,,,,,,,,,,,,,,,,,,,,,,,,,,,,,,,,,,,,,,,,,,,,,,,,,,,,,,,,,,,,,,,,,,,,,,,,,,,,,,,,,,,,,,,,,,,,,
IEMOCAP Face+Audio (AFFWILD),0.637294472,0.362705528,,,,1,,,IEMOCAP Face+Audio (AFFWILD),64%,0%,0%,36%,0%,100%,,,,,,,,,,,,,,,,,,,,,,,,,,,,,,,,,,,,,,,,,,,,,,,,,,,,,,,,,,,,,,,,,,,,,,,,,,,,,,,,,,,,,,,,,,,,,,,,,,,,,,,,,,,,,,,,,,,,,,,,,,,,,,,,,,,,,,,,,,,,,,,,,,,,,,,,,,,,,,,,,,,,,,,,,,,,,,,,,,,,,,,,,,,,,,,,,,,,,,,,,,,,,,,,,,,,,,,,,,,,,,,,,,,,,,,,,,,,,,,,,,,,,,,,,,,,,,,,,,,,,,,,,,,,,,,,,,,,,,,,,,,,,,,,,,,,,,,,,,,,,,,,,,,,,,,,,,,,,,,,,,,,,,,,,,,,,,,,,,,,,,,,,,,,,,,,,,,,,,,,,,,,,,,,,,,,,,,,,,,,,,,,,,,,,,,,,,,,,,,
IEMOCAP Face+Text (AFFWILD),0.731327639,2.69E-01,,,,1,,,IEMOCAP Face+Text (AFFWILD),73%,0%,0%,0%,27%,100%,,,,,,,,,,,,,,,,,,,,,,,,,,,,,,,,,,,,,,,,,,,,,,,,,,,,,,,,,,,,,,,,,,,,,,,,,,,,,,,,,,,,,,,,,,,,,,,,,,,,,,,,,,,,,,,,,,,,,,,,,,,,,,,,,,,,,,,,,,,,,,,,,,,,,,,,,,,,,,,,,,,,,,,,,,,,,,,,,,,,,,,,,,,,,,,,,,,,,,,,,,,,,,,,,,,,,,,,,,,,,,,,,,,,,,,,,,,,,,,,,,,,,,,,,,,,,,,,,,,,,,,,,,,,,,,,,,,,,,,,,,,,,,,,,,,,,,,,,,,,,,,,,,,,,,,,,,,,,,,,,,,,,,,,,,,,,,,,,,,,,,,,,,,,,,,,,,,,,,,,,,,,,,,,,,,,,,,,,,,,,,,,,,,,,,,,,,,,,,,
IEMOCAP Body+OriginalGaze (AFFWILD),0.864778309,0.135221691,,,,1,,,IEMOCAP Body+OriginalGaze (AFFWILD),0%,86%,14%,0%,0%,100%,,,,,,,,,,,,,,,,,,,,,,,,,,,,,,,,,,,,,,,,,,,,,,,,,,,,,,,,,,,,,,,,,,,,,,,,,,,,,,,,,,,,,,,,,,,,,,,,,,,,,,,,,,,,,,,,,,,,,,,,,,,,,,,,,,,,,,,,,,,,,,,,,,,,,,,,,,,,,,,,,,,,,,,,,,,,,,,,,,,,,,,,,,,,,,,,,,,,,,,,,,,,,,,,,,,,,,,,,,,,,,,,,,,,,,,,,,,,,,,,,,,,,,,,,,,,,,,,,,,,,,,,,,,,,,,,,,,,,,,,,,,,,,,,,,,,,,,,,,,,,,,,,,,,,,,,,,,,,,,,,,,,,,,,,,,,,,,,,,,,,,,,,,,,,,,,,,,,,,,,,,,,,,,,,,,,,,,,,,,,,,,,,,,,,,,,,,,,,,,
IEMOCAP Body+Audio (AFFWILD),0.655217707,0.344782293,,,,1,,,IEMOCAP Body+Audio (AFFWILD),0%,66%,0%,34%,0%,100%,,,,,,,,,,,,,,,,,,,,,,,,,,,,,,,,,,,,,,,,,,,,,,,,,,,,,,,,,,,,,,,,,,,,,,,,,,,,,,,,,,,,,,,,,,,,,,,,,,,,,,,,,,,,,,,,,,,,,,,,,,,,,,,,,,,,,,,,,,,,,,,,,,,,,,,,,,,,,,,,,,,,,,,,,,,,,,,,,,,,,,,,,,,,,,,,,,,,,,,,,,,,,,,,,,,,,,,,,,,,,,,,,,,,,,,,,,,,,,,,,,,,,,,,,,,,,,,,,,,,,,,,,,,,,,,,,,,,,,,,,,,,,,,,,,,,,,,,,,,,,,,,,,,,,,,,,,,,,,,,,,,,,,,,,,,,,,,,,,,,,,,,,,,,,,,,,,,,,,,,,,,,,,,,,,,,,,,,,,,,,,,,,,,,,,,,,,,,,,,
IEMOCAP Body+Text (AFFWILD),0.801467772,0.198532228,,,,1,,,IEMOCAP Body+Text (AFFWILD),0%,80%,0%,0%,20%,100%,,,,,,,,,,,,,,,,,,,,,,,,,,,,,,,,,,,,,,,,,,,,,,,,,,,,,,,,,,,,,,,,,,,,,,,,,,,,,,,,,,,,,,,,,,,,,,,,,,,,,,,,,,,,,,,,,,,,,,,,,,,,,,,,,,,,,,,,,,,,,,,,,,,,,,,,,,,,,,,,,,,,,,,,,,,,,,,,,,,,,,,,,,,,,,,,,,,,,,,,,,,,,,,,,,,,,,,,,,,,,,,,,,,,,,,,,,,,,,,,,,,,,,,,,,,,,,,,,,,,,,,,,,,,,,,,,,,,,,,,,,,,,,,,,,,,,,,,,,,,,,,,,,,,,,,,,,,,,,,,,,,,,,,,,,,,,,,,,,,,,,,,,,,,,,,,,,,,,,,,,,,,,,,,,,,,,,,,,,,,,,,,,,,,,,,,,,,,,,,
IEMOCAP OriginalGaze+Audio (AFFWILD),0.559500508,0.440499492,,,,1,,,IEMOCAP OriginalGaze+Audio (AFFWILD),0%,0%,56%,44%,0%,100%,,,,,,,,,,,,,,,,,,,,,,,,,,,,,,,,,,,,,,,,,,,,,,,,,,,,,,,,,,,,,,,,,,,,,,,,,,,,,,,,,,,,,,,,,,,,,,,,,,,,,,,,,,,,,,,,,,,,,,,,,,,,,,,,,,,,,,,,,,,,,,,,,,,,,,,,,,,,,,,,,,,,,,,,,,,,,,,,,,,,,,,,,,,,,,,,,,,,,,,,,,,,,,,,,,,,,,,,,,,,,,,,,,,,,,,,,,,,,,,,,,,,,,,,,,,,,,,,,,,,,,,,,,,,,,,,,,,,,,,,,,,,,,,,,,,,,,,,,,,,,,,,,,,,,,,,,,,,,,,,,,,,,,,,,,,,,,,,,,,,,,,,,,,,,,,,,,,,,,,,,,,,,,,,,,,,,,,,,,,,,,,,,,,,,,,,,,,,,,,
IEMOCAP OriginalGaze+Text (AFFWILD),0.961846584,3.82E-02,,,,1,,,IEMOCAP OriginalGaze+Text (AFFWILD),0%,0%,96%,0%,4%,100%,,,,,,,,,,,,,,,,,,,,,,,,,,,,,,,,,,,,,,,,,,,,,,,,,,,,,,,,,,,,,,,,,,,,,,,,,,,,,,,,,,,,,,,,,,,,,,,,,,,,,,,,,,,,,,,,,,,,,,,,,,,,,,,,,,,,,,,,,,,,,,,,,,,,,,,,,,,,,,,,,,,,,,,,,,,,,,,,,,,,,,,,,,,,,,,,,,,,,,,,,,,,,,,,,,,,,,,,,,,,,,,,,,,,,,,,,,,,,,,,,,,,,,,,,,,,,,,,,,,,,,,,,,,,,,,,,,,,,,,,,,,,,,,,,,,,,,,,,,,,,,,,,,,,,,,,,,,,,,,,,,,,,,,,,,,,,,,,,,,,,,,,,,,,,,,,,,,,,,,,,,,,,,,,,,,,,,,,,,,,,,,,,,,,,,,,,,,,,,,
IEMOCAP Audio+Text (AFFWILD),0.615886694,0.384113306,,,,1,,,IEMOCAP Audio+Text (AFFWILD),0%,0%,0%,62%,38%,100%,,,,,,,,,,,,,,,,,,,,,,,,,,,,,,,,,,,,,,,,,,,,,,,,,,,,,,,,,,,,,,,,,,,,,,,,,,,,,,,,,,,,,,,,,,,,,,,,,,,,,,,,,,,,,,,,,,,,,,,,,,,,,,,,,,,,,,,,,,,,,,,,,,,,,,,,,,,,,,,,,,,,,,,,,,,,,,,,,,,,,,,,,,,,,,,,,,,,,,,,,,,,,,,,,,,,,,,,,,,,,,,,,,,,,,,,,,,,,,,,,,,,,,,,,,,,,,,,,,,,,,,,,,,,,,,,,,,,,,,,,,,,,,,,,,,,,,,,,,,,,,,,,,,,,,,,,,,,,,,,,,,,,,,,,,,,,,,,,,,,,,,,,,,,,,,,,,,,,,,,,,,,,,,,,,,,,,,,,,,,,,,,,,,,,,,,,,,,,,,
IEMOCAP Face+Body+OriginalGaze (AFFWILD),0.479934588,4.58E-01,0.061816781,,,1,,,IEMOCAP Face+Body+OriginalGaze (AFFWILD),48%,46%,6%,0%,0%,100%,,,,,,,,,,,,,,,,,,,,,,,,,,,,,,,,,,,,,,,,,,,,,,,,,,,,,,,,,,,,,,,,,,,,,,,,,,,,,,,,,,,,,,,,,,,,,,,,,,,,,,,,,,,,,,,,,,,,,,,,,,,,,,,,,,,,,,,,,,,,,,,,,,,,,,,,,,,,,,,,,,,,,,,,,,,,,,,,,,,,,,,,,,,,,,,,,,,,,,,,,,,,,,,,,,,,,,,,,,,,,,,,,,,,,,,,,,,,,,,,,,,,,,,,,,,,,,,,,,,,,,,,,,,,,,,,,,,,,,,,,,,,,,,,,,,,,,,,,,,,,,,,,,,,,,,,,,,,,,,,,,,,,,,,,,,,,,,,,,,,,,,,,,,,,,,,,,,,,,,,,,,,,,,,,,,,,,,,,,,,,,,,,,,,,,,,,,,,,,,
IEMOCAP Face+Body+Audio (AFFWILD),0.398774579,3.85E-01,0.215893899,,,1,,,IEMOCAP Face+Body+Audio (AFFWILD),40%,39%,0%,22%,0%,100%,,,,,,,,,,,,,,,,,,,,,,,,,,,,,,,,,,,,,,,,,,,,,,,,,,,,,,,,,,,,,,,,,,,,,,,,,,,,,,,,,,,,,,,,,,,,,,,,,,,,,,,,,,,,,,,,,,,,,,,,,,,,,,,,,,,,,,,,,,,,,,,,,,,,,,,,,,,,,,,,,,,,,,,,,,,,,,,,,,,,,,,,,,,,,,,,,,,,,,,,,,,,,,,,,,,,,,,,,,,,,,,,,,,,,,,,,,,,,,,,,,,,,,,,,,,,,,,,,,,,,,,,,,,,,,,,,,,,,,,,,,,,,,,,,,,,,,,,,,,,,,,,,,,,,,,,,,,,,,,,,,,,,,,,,,,,,,,,,,,,,,,,,,,,,,,,,,,,,,,,,,,,,,,,,,,,,,,,,,,,,,,,,,,,,,,,,,,,,,,
IEMOCAP Face+Body+Text (AFFWILD),0.388985739,3.17E-01,0.293550613,,,1,,,IEMOCAP Face+Body+Text (AFFWILD),39%,32%,0%,0%,29%,100%,,,,,,,,,,,,,,,,,,,,,,,,,,,,,,,,,,,,,,,,,,,,,,,,,,,,,,,,,,,,,,,,,,,,,,,,,,,,,,,,,,,,,,,,,,,,,,,,,,,,,,,,,,,,,,,,,,,,,,,,,,,,,,,,,,,,,,,,,,,,,,,,,,,,,,,,,,,,,,,,,,,,,,,,,,,,,,,,,,,,,,,,,,,,,,,,,,,,,,,,,,,,,,,,,,,,,,,,,,,,,,,,,,,,,,,,,,,,,,,,,,,,,,,,,,,,,,,,,,,,,,,,,,,,,,,,,,,,,,,,,,,,,,,,,,,,,,,,,,,,,,,,,,,,,,,,,,,,,,,,,,,,,,,,,,,,,,,,,,,,,,,,,,,,,,,,,,,,,,,,,,,,,,,,,,,,,,,,,,,,,,,,,,,,,,,,,,,,,,,
IEMOCAP Face+OriginalGaze+Audio (AFFWILD),0.567083983,0.088025024,0.344890992,,,1,,,IEMOCAP Face+OriginalGaze+Audio (AFFWILD),57%,0%,9%,34%,0%,100%,,,,,,,,,,,,,,,,,,,,,,,,,,,,,,,,,,,,,,,,,,,,,,,,,,,,,,,,,,,,,,,,,,,,,,,,,,,,,,,,,,,,,,,,,,,,,,,,,,,,,,,,,,,,,,,,,,,,,,,,,,,,,,,,,,,,,,,,,,,,,,,,,,,,,,,,,,,,,,,,,,,,,,,,,,,,,,,,,,,,,,,,,,,,,,,,,,,,,,,,,,,,,,,,,,,,,,,,,,,,,,,,,,,,,,,,,,,,,,,,,,,,,,,,,,,,,,,,,,,,,,,,,,,,,,,,,,,,,,,,,,,,,,,,,,,,,,,,,,,,,,,,,,,,,,,,,,,,,,,,,,,,,,,,,,,,,,,,,,,,,,,,,,,,,,,,,,,,,,,,,,,,,,,,,,,,,,,,,,,,,,,,,,,,,,,,,,,,,,,
IEMOCAP Face+OriginalGaze+Text (AFFWILD),0.565133219,0.046772765,0.388094016,,,1,,,IEMOCAP Face+OriginalGaze+Text (AFFWILD),57%,0%,5%,0%,39%,100%,,,,,,,,,,,,,,,,,,,,,,,,,,,,,,,,,,,,,,,,,,,,,,,,,,,,,,,,,,,,,,,,,,,,,,,,,,,,,,,,,,,,,,,,,,,,,,,,,,,,,,,,,,,,,,,,,,,,,,,,,,,,,,,,,,,,,,,,,,,,,,,,,,,,,,,,,,,,,,,,,,,,,,,,,,,,,,,,,,,,,,,,,,,,,,,,,,,,,,,,,,,,,,,,,,,,,,,,,,,,,,,,,,,,,,,,,,,,,,,,,,,,,,,,,,,,,,,,,,,,,,,,,,,,,,,,,,,,,,,,,,,,,,,,,,,,,,,,,,,,,,,,,,,,,,,,,,,,,,,,,,,,,,,,,,,,,,,,,,,,,,,,,,,,,,,,,,,,,,,,,,,,,,,,,,,,,,,,,,,,,,,,,,,,,,,,,,,,,,,
IEMOCAP Face+Audio+Text (AFFWILD),0.559200459,0.202719682,0.238079859,,,1,,,IEMOCAP Face+Audio+Text (AFFWILD),56%,0%,0%,20%,24%,100%,,,,,,,,,,,,,,,,,,,,,,,,,,,,,,,,,,,,,,,,,,,,,,,,,,,,,,,,,,,,,,,,,,,,,,,,,,,,,,,,,,,,,,,,,,,,,,,,,,,,,,,,,,,,,,,,,,,,,,,,,,,,,,,,,,,,,,,,,,,,,,,,,,,,,,,,,,,,,,,,,,,,,,,,,,,,,,,,,,,,,,,,,,,,,,,,,,,,,,,,,,,,,,,,,,,,,,,,,,,,,,,,,,,,,,,,,,,,,,,,,,,,,,,,,,,,,,,,,,,,,,,,,,,,,,,,,,,,,,,,,,,,,,,,,,,,,,,,,,,,,,,,,,,,,,,,,,,,,,,,,,,,,,,,,,,,,,,,,,,,,,,,,,,,,,,,,,,,,,,,,,,,,,,,,,,,,,,,,,,,,,,,,,,,,,,,,,,,,,,
IEMOCAP Body+OriginalGaze+Audio (AFFWILD),0.605345659,0.070811128,0.323843213,,,1,,,IEMOCAP Body+OriginalGaze+Audio (AFFWILD),0%,61%,7%,32%,0%,100%,,,,,,,,,,,,,,,,,,,,,,,,,,,,,,,,,,,,,,,,,,,,,,,,,,,,,,,,,,,,,,,,,,,,,,,,,,,,,,,,,,,,,,,,,,,,,,,,,,,,,,,,,,,,,,,,,,,,,,,,,,,,,,,,,,,,,,,,,,,,,,,,,,,,,,,,,,,,,,,,,,,,,,,,,,,,,,,,,,,,,,,,,,,,,,,,,,,,,,,,,,,,,,,,,,,,,,,,,,,,,,,,,,,,,,,,,,,,,,,,,,,,,,,,,,,,,,,,,,,,,,,,,,,,,,,,,,,,,,,,,,,,,,,,,,,,,,,,,,,,,,,,,,,,,,,,,,,,,,,,,,,,,,,,,,,,,,,,,,,,,,,,,,,,,,,,,,,,,,,,,,,,,,,,,,,,,,,,,,,,,,,,,,,,,,,,,,,,,,,
IEMOCAP Body+OriginalGaze+Text (AFFWILD),0.605345659,0.036645302,0.358009038,,,1,,,IEMOCAP Body+OriginalGaze+Text (AFFWILD),0%,61%,4%,0%,36%,100%,,,,,,,,,,,,,,,,,,,,,,,,,,,,,,,,,,,,,,,,,,,,,,,,,,,,,,,,,,,,,,,,,,,,,,,,,,,,,,,,,,,,,,,,,,,,,,,,,,,,,,,,,,,,,,,,,,,,,,,,,,,,,,,,,,,,,,,,,,,,,,,,,,,,,,,,,,,,,,,,,,,,,,,,,,,,,,,,,,,,,,,,,,,,,,,,,,,,,,,,,,,,,,,,,,,,,,,,,,,,,,,,,,,,,,,,,,,,,,,,,,,,,,,,,,,,,,,,,,,,,,,,,,,,,,,,,,,,,,,,,,,,,,,,,,,,,,,,,,,,,,,,,,,,,,,,,,,,,,,,,,,,,,,,,,,,,,,,,,,,,,,,,,,,,,,,,,,,,,,,,,,,,,,,,,,,,,,,,,,,,,,,,,,,,,,,,,,,,,,
IEMOCAP Body+Audio+Text (AFFWILD),0.597553861,0.220553987,0.181892152,,,1,,,IEMOCAP Body+Audio+Text (AFFWILD),0%,60%,0%,22%,18%,100%,,,,,,,,,,,,,,,,,,,,,,,,,,,,,,,,,,,,,,,,,,,,,,,,,,,,,,,,,,,,,,,,,,,,,,,,,,,,,,,,,,,,,,,,,,,,,,,,,,,,,,,,,,,,,,,,,,,,,,,,,,,,,,,,,,,,,,,,,,,,,,,,,,,,,,,,,,,,,,,,,,,,,,,,,,,,,,,,,,,,,,,,,,,,,,,,,,,,,,,,,,,,,,,,,,,,,,,,,,,,,,,,,,,,,,,,,,,,,,,,,,,,,,,,,,,,,,,,,,,,,,,,,,,,,,,,,,,,,,,,,,,,,,,,,,,,,,,,,,,,,,,,,,,,,,,,,,,,,,,,,,,,,,,,,,,,,,,,,,,,,,,,,,,,,,,,,,,,,,,,,,,,,,,,,,,,,,,,,,,,,,,,,,,,,,,,,,,,,,,
IEMOCAP OriginalGaze+Audio+Text (AFFWILD),0.798805306,0.162786669,3.84E-02,,,1,,,IEMOCAP OriginalGaze+Audio+Text (AFFWILD),0%,0%,80%,16%,4%,100%,,,,,,,,,,,,,,,,,,,,,,,,,,,,,,,,,,,,,,,,,,,,,,,,,,,,,,,,,,,,,,,,,,,,,,,,,,,,,,,,,,,,,,,,,,,,,,,,,,,,,,,,,,,,,,,,,,,,,,,,,,,,,,,,,,,,,,,,,,,,,,,,,,,,,,,,,,,,,,,,,,,,,,,,,,,,,,,,,,,,,,,,,,,,,,,,,,,,,,,,,,,,,,,,,,,,,,,,,,,,,,,,,,,,,,,,,,,,,,,,,,,,,,,,,,,,,,,,,,,,,,,,,,,,,,,,,,,,,,,,,,,,,,,,,,,,,,,,,,,,,,,,,,,,,,,,,,,,,,,,,,,,,,,,,,,,,,,,,,,,,,,,,,,,,,,,,,,,,,,,,,,,,,,,,,,,,,,,,,,,,,,,,,,,,,,,,,,,,,,
IEMOCAP Face+Body+OriginalGaze+Audio (AFFWILD),0.385540974,3.64E-01,0.045211449,0.205343271,,1,,,IEMOCAP Face+Body+OriginalGaze+Audio (AFFWILD),39%,36%,5%,21%,0%,100%,,,,,,,,,,,,,,,,,,,,,,,,,,,,,,,,,,,,,,,,,,,,,,,,,,,,,,,,,,,,,,,,,,,,,,,,,,,,,,,,,,,,,,,,,,,,,,,,,,,,,,,,,,,,,,,,,,,,,,,,,,,,,,,,,,,,,,,,,,,,,,,,,,,,,,,,,,,,,,,,,,,,,,,,,,,,,,,,,,,,,,,,,,,,,,,,,,,,,,,,,,,,,,,,,,,,,,,,,,,,,,,,,,,,,,,,,,,,,,,,,,,,,,,,,,,,,,,,,,,,,,,,,,,,,,,,,,,,,,,,,,,,,,,,,,,,,,,,,,,,,,,,,,,,,,,,,,,,,,,,,,,,,,,,,,,,,,,,,,,,,,,,,,,,,,,,,,,,,,,,,,,,,,,,,,,,,,,,,,,,,,,,,,,,,,,,,,,,,,,
IEMOCAP Face+Body+OriginalGaze+Text (AFFWILD),0.369185834,2.97E-01,0.038612049,0.295426924,,1,,,IEMOCAP Face+Body+OriginalGaze+Text (AFFWILD),37%,30%,4%,0%,30%,100%,,,,,,,,,,,,,,,,,,,,,,,,,,,,,,,,,,,,,,,,,,,,,,,,,,,,,,,,,,,,,,,,,,,,,,,,,,,,,,,,,,,,,,,,,,,,,,,,,,,,,,,,,,,,,,,,,,,,,,,,,,,,,,,,,,,,,,,,,,,,,,,,,,,,,,,,,,,,,,,,,,,,,,,,,,,,,,,,,,,,,,,,,,,,,,,,,,,,,,,,,,,,,,,,,,,,,,,,,,,,,,,,,,,,,,,,,,,,,,,,,,,,,,,,,,,,,,,,,,,,,,,,,,,,,,,,,,,,,,,,,,,,,,,,,,,,,,,,,,,,,,,,,,,,,,,,,,,,,,,,,,,,,,,,,,,,,,,,,,,,,,,,,,,,,,,,,,,,,,,,,,,,,,,,,,,,,,,,,,,,,,,,,,,,,,,,,,,,,,,
IEMOCAP Face+Body+Audio+Text (AFFWILD),0.332880149,2.71E-01,0.125383022,2.71E-01,,1,,,IEMOCAP Face+Body+Audio+Text (AFFWILD),33%,27%,0%,13%,27%,100%,,,,,,,,,,,,,,,,,,,,,,,,,,,,,,,,,,,,,,,,,,,,,,,,,,,,,,,,,,,,,,,,,,,,,,,,,,,,,,,,,,,,,,,,,,,,,,,,,,,,,,,,,,,,,,,,,,,,,,,,,,,,,,,,,,,,,,,,,,,,,,,,,,,,,,,,,,,,,,,,,,,,,,,,,,,,,,,,,,,,,,,,,,,,,,,,,,,,,,,,,,,,,,,,,,,,,,,,,,,,,,,,,,,,,,,,,,,,,,,,,,,,,,,,,,,,,,,,,,,,,,,,,,,,,,,,,,,,,,,,,,,,,,,,,,,,,,,,,,,,,,,,,,,,,,,,,,,,,,,,,,,,,,,,,,,,,,,,,,,,,,,,,,,,,,,,,,,,,,,,,,,,,,,,,,,,,,,,,,,,,,,,,,,,,,,,,,,,,,,
IEMOCAP Face+OriginalGaze+Audio+Text (AFFWILD),0.495040704,8.05E-02,0.192339255,2.32E-01,,1,,,IEMOCAP Face+OriginalGaze+Audio+Text (AFFWILD),50%,0%,8%,19%,23%,100%,,,,,,,,,,,,,,,,,,,,,,,,,,,,,,,,,,,,,,,,,,,,,,,,,,,,,,,,,,,,,,,,,,,,,,,,,,,,,,,,,,,,,,,,,,,,,,,,,,,,,,,,,,,,,,,,,,,,,,,,,,,,,,,,,,,,,,,,,,,,,,,,,,,,,,,,,,,,,,,,,,,,,,,,,,,,,,,,,,,,,,,,,,,,,,,,,,,,,,,,,,,,,,,,,,,,,,,,,,,,,,,,,,,,,,,,,,,,,,,,,,,,,,,,,,,,,,,,,,,,,,,,,,,,,,,,,,,,,,,,,,,,,,,,,,,,,,,,,,,,,,,,,,,,,,,,,,,,,,,,,,,,,,,,,,,,,,,,,,,,,,,,,,,,,,,,,,,,,,,,,,,,,,,,,,,,,,,,,,,,,,,,,,,,,,,,,,,,,,,
IEMOCAP Body+OriginalGaze+Audio+Text (AFFWILD),5.19E-01,0.068659964,0.21629088,0.196059757,,1,,,IEMOCAP Body+OriginalGaze+Audio+Text (AFFWILD),0%,52%,7%,22%,20%,100%,,,,,,,,,,,,,,,,,,,,,,,,,,,,,,,,,,,,,,,,,,,,,,,,,,,,,,,,,,,,,,,,,,,,,,,,,,,,,,,,,,,,,,,,,,,,,,,,,,,,,,,,,,,,,,,,,,,,,,,,,,,,,,,,,,,,,,,,,,,,,,,,,,,,,,,,,,,,,,,,,,,,,,,,,,,,,,,,,,,,,,,,,,,,,,,,,,,,,,,,,,,,,,,,,,,,,,,,,,,,,,,,,,,,,,,,,,,,,,,,,,,,,,,,,,,,,,,,,,,,,,,,,,,,,,,,,,,,,,,,,,,,,,,,,,,,,,,,,,,,,,,,,,,,,,,,,,,,,,,,,,,,,,,,,,,,,,,,,,,,,,,,,,,,,,,,,,,,,,,,,,,,,,,,,,,,,,,,,,,,,,,,,,,,,,,,,,,,,,,
IEMOCAP Face+Body+OriginalGaze+Audio+Text (AFFWILD),0.322533435,2.59E-01,0.031042577,0.121010794,2.66E-01,1,,,IEMOCAP Face+Body+OriginalGaze+Audio+Text (AFFWILD),32%,26%,3%,12%,27%,100%,,,,,,,,,,,,,,,,,,,,,,,,,,,,,,,,,,,,,,,,,,,,,,,,,,,,,,,,,,,,,,,,,,,,,,,,,,,,,,,,,,,,,,,,,,,,,,,,,,,,,,,,,,,,,,,,,,,,,,,,,,,,,,,,,,,,,,,,,,,,,,,,,,,,,,,,,,,,,,,,,,,,,,,,,,,,,,,,,,,,,,,,,,,,,,,,,,,,,,,,,,,,,,,,,,,,,,,,,,,,,,,,,,,,,,,,,,,,,,,,,,,,,,,,,,,,,,,,,,,,,,,,,,,,,,,,,,,,,,,,,,,,,,,,,,,,,,,,,,,,,,,,,,,,,,,,,,,,,,,,,,,,,,,,,,,,,,,,,,,,,,,,,,,,,,,,,,,,,,,,,,,,,,,,,,,,,,,,,,,,,,,,,,,,,,,,,,,,,,,
,,,,,,,,,Average,28%,27%,14%,16%,15%,100%,,,,,,,,,,,,,,,,,,,,,,,,,,,,,,,,,,,,,,,,,,,,,,,,,,,,,,,,,,,,,,,,,,,,,,,,,,,,,,,,,,,,,,,,,,,,,,,,,,,,,,,,,,,,,,,,,,,,,,,,,,,,,,,,,,,,,,,,,,,,,,,,,,,,,,,,,,,,,,,,,,,,,,,,,,,,,,,,,,,,,,,,,,,,,,,,,,,,,,,,,,,,,,,,,,,,,,,,,,,,,,,,,,,,,,,,,,,,,,,,,,,,,,,,,,,,,,,,,,,,,,,,,,,,,,,,,,,,,,,,,,,,,,,,,,,,,,,,,,,,,,,,,,,,,,,,,,,,,,,,,,,,,,,,,,,,,,,,,,,,,,,,,,,,,,,,,,,,,,,,,,,,,,,,,,,,,,,,,,,,,,,,,,,,,,,,,,,,,,,
